config,rep,fold,student,onset,dt,family,h
base,0,0,4,2128.0,30.0,base,0
base,0,0,4,2210.0,22.0,base,0
base,0,0,8,2129.0,0.0,base,0
base,0,0,8,2129.0,27.0,base,0
base,0,0,8,2185.0,0.0,base,0
base,0,0,10,2176.0,0.0,base,0
base,0,0,10,2226.0,0.0,base,0
base,0,0,16,2232.0,0.0,base,0
base,0,0,16,2352.0,-3.0,base,0
base,0,0,16,2352.0,21.0,base,0
base,0,0,16,2404.0,0.0,base,0
base,0,0,19,2155.0,-23.0,base,0
base,0,0,19,2238.0,0.0,base,0
base,0,0,19,2238.0,72.0,base,0
base,0,0,22,2182.0,24.0,base,0
base,0,0,23,2153.0,-11.0,base,0
base,0,0,24,2133.0,0.0,base,0
base,0,0,32,2202.0,48.0,base,0
base,0,0,33,2202.0,0.0,base,0
base,0,0,36,2304.0,0.0,base,0
base,0,0,44,2274.0,-18.0,base,0
base,0,0,44,2274.0,3.0,base,0
base,0,0,44,2357.0,-37.0,base,0
base,0,0,44,2357.0,11.0,base,0
base,0,0,49,2232.0,-55.0,base,0
base,0,0,49,2232.0,-6.0,base,0
base,0,0,49,2238.0,68.0,base,0
base,0,0,51,2232.0,72.0,base,0
base,0,0,52,2158.0,24.0,base,0
base,0,0,52,2280.0,0.0,base,0
base,0,0,53,2238.0,-5.0,base,0
base,0,0,57,2229.0,28.0,base,0
base,0,0,57,2516.0,0.0,base,0
base,0,0,57,2516.0,21.0,base,0
base,0,0,58,2256.0,24.0,base,0
base,0,1,4,2295.0,-70.0,base,0
base,0,1,10,2273.0,0.0,base,0
base,0,1,10,2304.0,-8.0,base,0
base,0,1,10,2329.0,0.0,base,0
base,0,1,10,2354.0,-9.0,base,0
base,0,1,10,2354.0,3.0,base,0
base,0,1,14,2314.0,40.0,base,0
base,0,1,16,2516.0,-22.0,base,0
base,0,1,16,2600.0,12.0,base,0
base,0,1,16,2600.0,35.0,base,0
base,0,1,19,2422.0,11.0,base,0
base,0,1,19,2422.0,72.0,base,0
base,0,1,23,2208.0,41.0,base,0
base,0,1,24,2192.0,0.0,base,0
base,0,1,32,2374.0,-25.0,base,0
base,0,1,32,2446.0,72.0,base,0
base,0,1,44,2536.0,-8.0,base,0
base,0,1,49,2470.0,0.0,base,0
base,0,1,57,2304.0,0.0,base,0
base,0,1,57,2304.0,48.0,base,0
base,0,1,57,2304.0,68.0,base,0
base,0,2,4,2548.0,0.0,base,0
base,0,2,8,2524.0,24.0,base,0
base,0,2,10,2422.0,0.0,base,0
base,0,2,10,2432.0,10.0,base,0
base,0,2,10,2470.0,25.0,base,0
base,0,2,10,2540.0,0.0,base,0
base,0,2,16,2790.0,66.0,base,0
base,0,2,16,2929.0,0.0,base,0
base,0,2,19,2576.0,48.0,base,0
base,0,2,22,2424.0,-6.0,base,0
base,0,2,22,2455.0,-8.0,base,0
base,0,2,23,2286.0,68.0,base,0
base,0,2,32,2540.0,0.0,base,0
base,0,2,33,2887.0,0.0,base,0
base,0,2,43,2592.0,0.0,base,0
base,0,2,44,2656.0,0.0,base,0
base,0,2,44,2704.0,0.0,base,0
base,0,2,44,2728.0,32.0,base,0
base,0,2,44,2871.0,-11.0,base,0
base,0,2,49,2596.0,-56.0,base,0
base,0,2,51,2549.0,27.0,base,0
base,0,2,51,2904.0,0.0,base,0
base,0,2,57,2683.0,0.0,base,0
base,0,2,58,2600.0,0.0,base,0
base,0,3,4,2802.0,51.0,base,0
base,0,3,8,2718.0,17.0,base,0
base,0,3,10,2716.0,-21.0,base,0
base,0,3,16,3097.0,-45.0,base,0
base,0,3,19,3052.0,15.0,base,0
base,0,3,19,3100.0,-10.0,base,0
base,0,3,22,2517.0,24.0,base,0
base,0,3,24,2497.0,-30.0,base,0
base,0,3,32,2791.0,61.0,base,0
base,0,3,35,2600.0,68.0,base,0
base,0,3,44,3066.0,24.0,base,0
base,0,3,49,2998.0,0.0,base,0
base,0,3,52,2857.0,0.0,base,0
base,0,3,52,2862.0,26.0,base,0
base,0,3,58,2741.0,-23.0,base,0
base,0,4,4,2881.0,0.0,base,0
base,0,4,7,2540.0,31.0,base,0
base,0,4,8,2856.0,0.0,base,0
base,0,4,8,2925.0,9.0,base,0
base,0,4,10,2934.0,0.0,base,0
base,0,4,16,3314.0,-47.0,base,0
base,0,4,16,3363.0,0.0,base,0
base,0,4,16,3386.0,-7.0,base,0
base,0,4,19,3439.0,0.0,base,0
base,0,4,19,3484.0,-8.0,base,0
base,0,4,19,3488.0,25.0,base,0
base,0,4,23,2517.0,59.0,base,0
base,0,4,32,3074.0,0.0,base,0
base,0,4,33,3314.0,0.0,base,0
base,0,4,35,3091.0,0.0,base,0
base,0,4,44,3329.0,-24.0,base,0
base,0,4,49,3331.0,-41.0,base,0
base,0,4,49,3331.0,25.0,base,0
base,0,4,51,3368.0,0.0,base,0
base,0,4,51,3428.0,-15.0,base,0
base,0,4,52,3340.0,0.0,base,0
base,0,4,57,3340.0,63.0,base,0
base,0,4,58,3235.0,0.0,base,0
base,1,0,7,2169.0,0.0,base,0
base,1,0,8,2092.0,17.0,base,0
base,1,0,8,2129.0,0.0,base,0
base,1,0,8,2129.0,27.0,base,0
base,1,0,8,2185.0,0.0,base,0
base,1,0,10,2159.0,-1.0,base,0
base,1,0,10,2159.0,4.0,base,0
base,1,0,10,2176.0,0.0,base,0
base,1,0,10,2226.0,0.0,base,0
base,1,0,16,2232.0,0.0,base,0
base,1,0,16,2352.0,-3.0,base,0
base,1,0,16,2352.0,21.0,base,0
base,1,0,16,2404.0,0.0,base,0
base,1,0,19,2155.0,-23.0,base,0
base,1,0,19,2238.0,0.0,base,0
base,1,0,19,2238.0,72.0,base,0
base,1,0,22,2182.0,24.0,base,0
base,1,0,23,2153.0,-24.0,base,0
base,1,0,24,2133.0,0.0,base,0
base,1,0,32,2202.0,48.0,base,0
base,1,0,33,2202.0,0.0,base,0
base,1,0,44,2274.0,-18.0,base,0
base,1,0,44,2357.0,-37.0,base,0
base,1,0,44,2357.0,11.0,base,0
base,1,0,49,2232.0,-55.0,base,0
base,1,0,49,2232.0,-6.0,base,0
base,1,0,49,2238.0,68.0,base,0
base,1,0,51,2232.0,72.0,base,0
base,1,0,52,2158.0,24.0,base,0
base,1,0,52,2280.0,0.0,base,0
base,1,0,53,2238.0,-5.0,base,0
base,1,0,57,2229.0,28.0,base,0
base,1,0,57,2516.0,0.0,base,0
base,1,0,57,2516.0,21.0,base,0
base,1,0,58,2256.0,24.0,base,0
base,1,1,4,2295.0,0.0,base,0
base,1,1,8,2298.0,-64.0,base,0
base,1,1,10,2329.0,0.0,base,0
base,1,1,10,2354.0,0.0,base,0
base,1,1,10,2392.0,0.0,base,0
base,1,1,16,2516.0,0.0,base,0
base,1,1,16,2600.0,0.0,base,0
base,1,1,19,2422.0,0.0,base,0
base,1,1,19,2422.0,72.0,base,0
base,1,1,24,2181.0,0.0,base,0
base,1,1,32,2374.0,-20.0,base,0
base,1,1,44,2491.0,0.0,base,0
base,1,1,44,2536.0,-8.0,base,0
base,1,1,44,2536.0,72.0,base,0
base,1,1,52,2322.0,50.0,base,0
base,1,1,57,2304.0,48.0,base,0
base,1,2,8,2524.0,24.0,base,0
base,1,2,10,2422.0,0.0,base,0
base,1,2,10,2432.0,10.0,base,0
base,1,2,10,2470.0,25.0,base,0
base,1,2,10,2540.0,0.0,base,0
base,1,2,14,2470.0,70.0,base,0
base,1,2,16,2929.0,-53.0,base,0
base,1,2,16,2929.0,0.0,base,0
base,1,2,19,2576.0,0.0,base,0
base,1,2,22,2424.0,-6.0,base,0
base,1,2,22,2455.0,0.0,base,0
base,1,2,23,2286.0,68.0,base,0
base,1,2,32,2540.0,0.0,base,0
base,1,2,32,2540.0,28.0,base,0
base,1,2,33,2887.0,0.0,base,0
base,1,2,35,2494.0,46.0,base,0
base,1,2,43,2592.0,0.0,base,0
base,1,2,44,2656.0,0.0,base,0
base,1,2,44,2704.0,0.0,base,0
base,1,2,44,2728.0,32.0,base,0
base,1,2,44,2871.0,-11.0,base,0
base,1,2,49,2596.0,-56.0,base,0
base,1,2,51,2549.0,27.0,base,0
base,1,2,52,2519.0,57.0,base,0
base,1,3,4,2802.0,69.0,base,0
base,1,3,8,2718.0,0.0,base,0
base,1,3,8,2718.0,17.0,base,0
base,1,3,10,2645.0,-49.0,base,0
base,1,3,10,2716.0,-27.0,base,0
base,1,3,10,2716.0,0.0,base,0
base,1,3,10,2716.0,12.0,base,0
base,1,3,10,2716.0,27.0,base,0
base,1,3,16,3000.0,29.0,base,0
base,1,3,16,3097.0,-45.0,base,0
base,1,3,16,3097.0,-21.0,base,0
base,1,3,19,3052.0,-21.0,base,0
base,1,3,19,3052.0,24.0,base,0
base,1,3,19,3100.0,0.0,base,0
base,1,3,22,2517.0,24.0,base,0
base,1,3,23,2385.0,0.0,base,0
base,1,3,24,2497.0,0.0,base,0
base,1,3,32,2791.0,61.0,base,0
base,1,3,35,2600.0,0.0,base,0
base,1,3,44,3066.0,-38.0,base,0
base,1,3,44,3066.0,24.0,base,0
base,1,3,49,2998.0,0.0,base,0
base,1,3,51,3284.0,-42.0,base,0
base,1,3,52,3266.0,0.0,base,0
base,1,3,53,2877.0,56.0,base,0
base,1,4,4,2881.0,4.0,base,0
base,1,4,8,2856.0,0.0,base,0
base,1,4,8,2925.0,9.0,base,0
base,1,4,10,2852.0,0.0,base,0
base,1,4,10,2934.0,0.0,base,0
base,1,4,10,3308.0,-65.0,base,0
base,1,4,16,3436.0,-23.0,base,0
base,1,4,19,3439.0,-60.0,base,0
base,1,4,19,3484.0,-8.0,base,0
base,1,4,19,3488.0,25.0,base,0
base,1,4,23,2517.0,0.0,base,0
base,1,4,32,3074.0,0.0,base,0
base,1,4,33,3314.0,0.0,base,0
base,1,4,35,3189.0,0.0,base,0
base,1,4,44,3242.0,24.0,base,0
base,1,4,44,3329.0,47.0,base,0
base,1,4,49,3331.0,-17.0,base,0
base,1,4,49,3383.0,0.0,base,0
base,2,0,4,2128.0,0.0,base,0
base,2,0,4,2128.0,30.0,base,0
base,2,0,4,2210.0,22.0,base,0
base,2,0,8,2129.0,0.0,base,0
base,2,0,8,2129.0,27.0,base,0
base,2,0,8,2185.0,0.0,base,0
base,2,0,10,2159.0,-1.0,base,0
base,2,0,10,2176.0,0.0,base,0
base,2,0,10,2182.0,5.0,base,0
base,2,0,16,2232.0,0.0,base,0
base,2,0,16,2352.0,-3.0,base,0
base,2,0,16,2352.0,21.0,base,0
base,2,0,16,2404.0,0.0,base,0
base,2,0,19,2155.0,-23.0,base,0
base,2,0,19,2238.0,0.0,base,0
base,2,0,19,2238.0,72.0,base,0
base,2,0,22,2182.0,10.0,base,0
base,2,0,23,2153.0,-24.0,base,0
base,2,0,24,2133.0,0.0,base,0
base,2,0,32,2202.0,48.0,base,0
base,2,0,33,2202.0,31.0,base,0
base,2,0,44,2274.0,-18.0,base,0
base,2,0,44,2274.0,3.0,base,0
base,2,0,44,2357.0,-37.0,base,0
base,2,0,44,2357.0,11.0,base,0
base,2,0,49,2232.0,-55.0,base,0
base,2,0,49,2232.0,-6.0,base,0
base,2,0,49,2238.0,68.0,base,0
base,2,0,51,2232.0,31.0,base,0
base,2,0,51,2232.0,72.0,base,0
base,2,0,52,2158.0,24.0,base,0
base,2,0,52,2280.0,0.0,base,0
base,2,0,57,2229.0,28.0,base,0
base,2,0,57,2516.0,0.0,base,0
base,2,0,57,2516.0,21.0,base,0
base,2,0,58,2256.0,24.0,base,0
base,2,1,4,2295.0,0.0,base,0
base,2,1,10,2273.0,0.0,base,0
base,2,1,10,2304.0,-8.0,base,0
base,2,1,10,2329.0,0.0,base,0
base,2,1,10,2354.0,-9.0,base,0
base,2,1,10,2392.0,0.0,base,0
base,2,1,14,2314.0,40.0,base,0
base,2,1,16,2516.0,-22.0,base,0
base,2,1,16,2600.0,12.0,base,0
base,2,1,16,2600.0,35.0,base,0
base,2,1,19,2422.0,11.0,base,0
base,2,1,19,2422.0,72.0,base,0
base,2,1,24,2181.0,0.0,base,0
base,2,1,44,2536.0,-8.0,base,0
base,2,1,49,2470.0,0.0,base,0
base,2,1,52,2322.0,9.0,base,0
base,2,1,57,2304.0,48.0,base,0
base,2,1,57,2304.0,68.0,base,0
base,2,1,58,2560.0,10.0,base,0
base,2,2,4,2548.0,0.0,base,0
base,2,2,8,2524.0,24.0,base,0
base,2,2,10,2422.0,0.0,base,0
base,2,2,10,2432.0,10.0,base,0
base,2,2,10,2470.0,25.0,base,0
base,2,2,10,2540.0,0.0,base,0
base,2,2,10,2540.0,44.0,base,0
base,2,2,16,2790.0,60.0,base,0
base,2,2,16,2929.0,0.0,base,0
base,2,2,19,2576.0,0.0,base,0
base,2,2,19,2672.0,47.0,base,0
base,2,2,22,2424.0,7.0,base,0
base,2,2,23,2286.0,68.0,base,0
base,2,2,24,2380.0,-8.0,base,0
base,2,2,32,2540.0,0.0,base,0
base,2,2,32,2540.0,28.0,base,0
base,2,2,33,2887.0,0.0,base,0
base,2,2,43,2592.0,0.0,base,0
base,2,2,44,2871.0,-11.0,base,0
base,2,2,49,2596.0,-56.0,base,0
base,2,2,51,2549.0,27.0,base,0
base,2,3,10,2716.0,27.0,base,0
base,2,3,14,2583.0,13.0,base,0
base,2,3,16,3097.0,-45.0,base,0
base,2,3,16,3160.0,-11.0,base,0
base,2,3,16,3160.0,27.0,base,0
base,2,3,19,3052.0,-21.0,base,0
base,2,3,19,3052.0,24.0,base,0
base,2,3,22,2517.0,24.0,base,0
base,2,3,23,2385.0,0.0,base,0
base,2,3,24,2497.0,0.0,base,0
base,2,3,32,2791.0,61.0,base,0
base,2,3,35,2600.0,0.0,base,0
base,2,3,44,3066.0,-38.0,base,0
base,2,3,44,3066.0,24.0,base,0
base,2,3,49,2998.0,0.0,base,0
base,2,3,51,3284.0,-42.0,base,0
base,2,3,52,3266.0,0.0,base,0
base,2,3,53,2877.0,56.0,base,0
base,2,4,7,2540.0,31.0,base,0
base,2,4,8,2856.0,0.0,base,0
base,2,4,8,2925.0,9.0,base,0
base,2,4,10,2852.0,0.0,base,0
base,2,4,10,2934.0,0.0,base,0
base,2,4,10,3308.0,-65.0,base,0
base,2,4,16,3314.0,0.0,base,0
base,2,4,16,3363.0,0.0,base,0
base,2,4,16,3436.0,-23.0,base,0
base,2,4,19,3484.0,-8.0,base,0
base,2,4,19,3488.0,25.0,base,0
base,2,4,32,3074.0,0.0,base,0
base,2,4,33,3314.0,0.0,base,0
base,2,4,35,3189.0,0.0,base,0
base,2,4,44,3242.0,24.0,base,0
base,2,4,44,3329.0,47.0,base,0
base,2,4,49,3383.0,0.0,base,0
base,2,4,53,3285.0,-26.0,base,0
base,3,0,4,2128.0,7.0,base,0
base,3,0,4,2210.0,0.0,base,0
base,3,0,8,2092.0,3.0,base,0
base,3,0,8,2129.0,27.0,base,0
base,3,0,8,2185.0,0.0,base,0
base,3,0,10,2159.0,-1.0,base,0
base,3,0,10,2159.0,5.0,base,0
base,3,0,10,2182.0,5.0,base,0
base,3,0,16,2352.0,0.0,base,0
base,3,0,16,2352.0,21.0,base,0
base,3,0,19,2155.0,-23.0,base,0
base,3,0,19,2238.0,0.0,base,0
base,3,0,19,2238.0,72.0,base,0
base,3,0,22,2182.0,10.0,base,0
base,3,0,23,2153.0,-24.0,base,0
base,3,0,23,2153.0,-11.0,base,0
base,3,0,24,2133.0,0.0,base,0
base,3,0,32,2202.0,48.0,base,0
base,3,0,33,2202.0,31.0,base,0
base,3,0,44,2274.0,3.0,base,0
base,3,0,44,2357.0,-37.0,base,0
base,3,0,44,2357.0,11.0,base,0
base,3,0,49,2232.0,-55.0,base,0
base,3,0,49,2232.0,-6.0,base,0
base,3,0,49,2238.0,68.0,base,0
base,3,0,51,2232.0,31.0,base,0
base,3,0,51,2232.0,72.0,base,0
base,3,0,52,2158.0,24.0,base,0
base,3,0,52,2280.0,0.0,base,0
base,3,0,57,2229.0,28.0,base,0
base,3,0,57,2516.0,0.0,base,0
base,3,0,58,2256.0,24.0,base,0
base,3,1,8,2298.0,-64.0,base,0
base,3,1,10,2273.0,15.0,base,0
base,3,1,10,2329.0,0.0,base,0
base,3,1,10,2354.0,0.0,base,0
base,3,1,10,2392.0,0.0,base,0
base,3,1,14,2314.0,40.0,base,0
base,3,1,16,2516.0,0.0,base,0
base,3,1,16,2526.0,0.0,base,0
base,3,1,23,2208.0,24.0,base,0
base,3,1,23,2208.0,54.0,base,0
base,3,1,32,2374.0,-20.0,base,0
base,3,1,44,2491.0,0.0,base,0
base,3,1,44,2536.0,-8.0,base,0
base,3,1,49,2470.0,22.0,base,0
base,3,1,52,2322.0,50.0,base,0
base,3,1,57,2304.0,48.0,base,0
base,3,1,57,2548.0,0.0,base,0
base,3,1,58,2560.0,10.0,base,0
base,3,2,4,2548.0,0.0,base,0
base,3,2,8,2524.0,24.0,base,0
base,3,2,10,2422.0,0.0,base,0
base,3,2,10,2432.0,10.0,base,0
base,3,2,10,2470.0,25.0,base,0
base,3,2,10,2540.0,0.0,base,0
base,3,2,14,2470.0,70.0,base,0
base,3,2,16,2929.0,-53.0,base,0
base,3,2,16,2929.0,0.0,base,0
base,3,2,19,2576.0,0.0,base,0
base,3,2,19,2856.0,20.0,base,0
base,3,2,22,2424.0,-6.0,base,0
base,3,2,23,2286.0,0.0,base,0
base,3,2,23,2286.0,68.0,base,0
base,3,2,33,2403.0,20.0,base,0
base,3,2,43,2592.0,0.0,base,0
base,3,2,44,2656.0,0.0,base,0
base,3,2,44,2704.0,0.0,base,0
base,3,2,44,2728.0,32.0,base,0
base,3,2,44,2871.0,-11.0,base,0
base,3,2,49,2596.0,-56.0,base,0
base,3,2,49,2645.0,0.0,base,0
base,3,2,51,2904.0,0.0,base,0
base,3,2,57,2453.0,41.0,base,0
base,3,2,58,2689.0,-21.0,base,0
base,3,3,4,2802.0,69.0,base,0
base,3,3,8,2718.0,0.0,base,0
base,3,3,8,2718.0,17.0,base,0
base,3,3,10,2716.0,12.0,base,0
base,3,3,10,2716.0,27.0,base,0
base,3,3,16,3097.0,-45.0,base,0
base,3,3,16,3097.0,0.0,base,0
base,3,3,16,3160.0,27.0,base,0
base,3,3,19,3052.0,0.0,base,0
base,3,3,19,3052.0,24.0,base,0
base,3,3,22,2517.0,24.0,base,0
base,3,3,24,2497.0,0.0,base,0
base,3,3,32,2791.0,0.0,base,0
base,3,3,35,2600.0,0.0,base,0
base,3,3,44,3066.0,-38.0,base,0
base,3,3,44,3066.0,24.0,base,0
base,3,3,49,2998.0,0.0,base,0
base,3,3,51,3284.0,-42.0,base,0
base,3,3,52,3266.0,0.0,base,0
base,3,3,53,2877.0,56.0,base,0
base,3,4,7,2540.0,31.0,base,0
base,3,4,8,2856.0,0.0,base,0
base,3,4,8,2925.0,9.0,base,0
base,3,4,10,2800.0,-24.0,base,0
base,3,4,10,2852.0,0.0,base,0
base,3,4,10,2934.0,0.0,base,0
base,3,4,10,3308.0,-65.0,base,0
base,3,4,16,3314.0,17.0,base,0
base,3,4,16,3386.0,2.0,base,0
base,3,4,16,3436.0,-9.0,base,0
base,3,4,19,3484.0,-8.0,base,0
base,3,4,23,2517.0,0.0,base,0
base,3,4,32,3074.0,16.0,base,0
base,3,4,33,3314.0,0.0,base,0
base,3,4,35,3189.0,0.0,base,0
base,3,4,44,3242.0,24.0,base,0
base,3,4,44,3329.0,47.0,base,0
base,3,4,49,3331.0,-17.0,base,0
base,3,4,49,3383.0,0.0,base,0
base,3,4,58,3235.0,24.0,base,0
base,4,0,4,2128.0,30.0,base,0
base,4,0,4,2210.0,22.0,base,0
base,4,0,7,2169.0,0.0,base,0
base,4,0,8,2129.0,0.0,base,0
base,4,0,8,2129.0,27.0,base,0
base,4,0,8,2185.0,0.0,base,0
base,4,0,10,2159.0,4.0,base,0
base,4,0,10,2176.0,0.0,base,0
base,4,0,10,2226.0,0.0,base,0
base,4,0,16,2232.0,0.0,base,0
base,4,0,16,2352.0,-3.0,base,0
base,4,0,16,2352.0,21.0,base,0
base,4,0,16,2404.0,0.0,base,0
base,4,0,19,2155.0,-23.0,base,0
base,4,0,19,2238.0,0.0,base,0
base,4,0,19,2238.0,72.0,base,0
base,4,0,22,2182.0,24.0,base,0
base,4,0,23,2153.0,-11.0,base,0
base,4,0,24,2145.0,0.0,base,0
base,4,0,32,2202.0,48.0,base,0
base,4,0,33,2202.0,0.0,base,0
base,4,0,44,2274.0,-18.0,base,0
base,4,0,44,2274.0,3.0,base,0
base,4,0,44,2357.0,-37.0,base,0
base,4,0,44,2357.0,11.0,base,0
base,4,0,49,2232.0,-55.0,base,0
base,4,0,49,2232.0,-6.0,base,0
base,4,0,49,2238.0,68.0,base,0
base,4,0,51,2232.0,72.0,base,0
base,4,0,52,2158.0,24.0,base,0
base,4,0,52,2280.0,0.0,base,0
base,4,0,53,2238.0,-5.0,base,0
base,4,0,57,2229.0,28.0,base,0
base,4,0,57,2516.0,0.0,base,0
base,4,0,57,2516.0,21.0,base,0
base,4,0,58,2256.0,24.0,base,0
base,4,1,4,2295.0,-70.0,base,0
base,4,1,8,2298.0,-64.0,base,0
base,4,1,10,2304.0,-8.0,base,0
base,4,1,10,2329.0,0.0,base,0
base,4,1,10,2354.0,-9.0,base,0
base,4,1,14,2314.0,40.0,base,0
base,4,1,16,2516.0,-22.0,base,0
base,4,1,16,2600.0,12.0,base,0
base,4,1,19,2422.0,11.0,base,0
base,4,1,19,2422.0,72.0,base,0
base,4,1,24,2192.0,0.0,base,0
base,4,1,32,2374.0,-25.0,base,0
base,4,1,32,2446.0,72.0,base,0
base,4,1,44,2536.0,-8.0,base,0
base,4,1,49,2470.0,0.0,base,0
base,4,1,57,2304.0,0.0,base,0
base,4,1,57,2304.0,48.0,base,0
base,4,1,57,2304.0,68.0,base,0
base,4,1,58,2560.0,10.0,base,0
base,4,2,4,2548.0,0.0,base,0
base,4,2,8,2524.0,24.0,base,0
base,4,2,10,2422.0,0.0,base,0
base,4,2,10,2432.0,10.0,base,0
base,4,2,10,2470.0,25.0,base,0
base,4,2,10,2540.0,0.0,base,0
base,4,2,16,2790.0,66.0,base,0
base,4,2,16,2929.0,0.0,base,0
base,4,2,19,2672.0,47.0,base,0
base,4,2,22,2424.0,-6.0,base,0
base,4,2,22,2455.0,-8.0,base,0
base,4,2,23,2286.0,68.0,base,0
base,4,2,32,2540.0,0.0,base,0
base,4,2,32,2540.0,28.0,base,0
base,4,2,33,2887.0,0.0,base,0
base,4,2,43,2592.0,0.0,base,0
base,4,2,44,2656.0,0.0,base,0
base,4,2,44,2871.0,-11.0,base,0
base,4,2,49,2596.0,-56.0,base,0
base,4,2,51,2549.0,27.0,base,0
base,4,2,51,2904.0,0.0,base,0
base,4,2,58,2689.0,-21.0,base,0
base,4,3,4,2802.0,51.0,base,0
base,4,3,16,3000.0,41.0,base,0
base,4,3,16,3160.0,-11.0,base,0
base,4,3,16,3160.0,27.0,base,0
base,4,3,19,3052.0,-21.0,base,0
base,4,3,19,3052.0,24.0,base,0
base,4,3,22,2517.0,24.0,base,0
base,4,3,23,2385.0,0.0,base,0
base,4,3,32,2791.0,61.0,base,0
base,4,3,35,2860.0,0.0,base,0
base,4,3,44,3066.0,-22.0,base,0
base,4,3,49,2998.0,30.0,base,0
base,4,3,53,2877.0,56.0,base,0
base,4,4,4,2881.0,0.0,base,0
base,4,4,7,2540.0,31.0,base,0
base,4,4,8,2856.0,0.0,base,0
base,4,4,8,2925.0,9.0,base,0
base,4,4,10,2852.0,0.0,base,0
base,4,4,10,2881.0,3.0,base,0
base,4,4,16,3314.0,-47.0,base,0
base,4,4,16,3363.0,0.0,base,0
base,4,4,16,3386.0,-7.0,base,0
base,4,4,16,3436.0,18.0,base,0
base,4,4,19,3439.0,-49.0,base,0
base,4,4,19,3484.0,-8.0,base,0
base,4,4,23,2517.0,0.0,base,0
base,4,4,32,3074.0,0.0,base,0
base,4,4,33,3314.0,0.0,base,0
base,4,4,35,3189.0,0.0,base,0
base,4,4,44,3242.0,24.0,base,0
base,4,4,44,3329.0,47.0,base,0
base,4,4,51,3428.0,-15.0,base,0
base,4,4,52,3308.0,0.0,base,0
base,5,0,4,2128.0,30.0,base,0
base,5,0,7,2169.0,0.0,base,0
base,5,0,8,2129.0,0.0,base,0
base,5,0,8,2129.0,27.0,base,0
base,5,0,8,2185.0,0.0,base,0
base,5,0,10,2159.0,-1.0,base,0
base,5,0,10,2159.0,4.0,base,0
base,5,0,10,2176.0,0.0,base,0
base,5,0,10,2226.0,0.0,base,0
base,5,0,16,2232.0,0.0,base,0
base,5,0,16,2352.0,-3.0,base,0
base,5,0,16,2352.0,21.0,base,0
base,5,0,16,2404.0,0.0,base,0
base,5,0,19,2155.0,-23.0,base,0
base,5,0,19,2155.0,0.0,base,0
base,5,0,19,2238.0,-23.0,base,0
base,5,0,19,2238.0,72.0,base,0
base,5,0,22,2182.0,24.0,base,0
base,5,0,23,2153.0,-11.0,base,0
base,5,0,32,2202.0,48.0,base,0
base,5,0,33,2202.0,0.0,base,0
base,5,0,35,2212.0,0.0,base,0
base,5,0,44,2274.0,-18.0,base,0
base,5,0,44,2274.0,3.0,base,0
base,5,0,44,2357.0,-37.0,base,0
base,5,0,44,2357.0,11.0,base,0
base,5,0,49,2232.0,-55.0,base,0
base,5,0,49,2232.0,-6.0,base,0
base,5,0,49,2238.0,68.0,base,0
base,5,0,51,2232.0,72.0,base,0
base,5,0,52,2158.0,24.0,base,0
base,5,0,52,2280.0,0.0,base,0
base,5,0,53,2238.0,-5.0,base,0
base,5,0,57,2229.0,57.0,base,0
base,5,0,57,2516.0,21.0,base,0
base,5,0,58,2256.0,24.0,base,0
base,5,1,4,2295.0,0.0,base,0
base,5,1,10,2273.0,0.0,base,0
base,5,1,10,2304.0,-8.0,base,0
base,5,1,10,2329.0,0.0,base,0
base,5,1,10,2354.0,-9.0,base,0
base,5,1,10,2392.0,0.0,base,0
base,5,1,14,2314.0,40.0,base,0
base,5,1,16,2516.0,-22.0,base,0
base,5,1,16,2600.0,12.0,base,0
base,5,1,19,2422.0,11.0,base,0
base,5,1,19,2422.0,72.0,base,0
base,5,1,24,2192.0,0.0,base,0
base,5,1,32,2374.0,-25.0,base,0
base,5,1,32,2446.0,72.0,base,0
base,5,1,44,2536.0,-8.0,base,0
base,5,1,49,2470.0,0.0,base,0
base,5,1,57,2304.0,48.0,base,0
base,5,1,57,2304.0,68.0,base,0
base,5,1,58,2560.0,10.0,base,0
base,5,2,4,2548.0,0.0,base,0
base,5,2,8,2524.0,49.0,base,0
base,5,2,10,2470.0,25.0,base,0
base,5,2,14,2470.0,70.0,base,0
base,5,2,16,2790.0,66.0,base,0
base,5,2,16,2929.0,0.0,base,0
base,5,2,19,2576.0,0.0,base,0
base,5,2,19,2672.0,47.0,base,0
base,5,2,22,2455.0,-8.0,base,0
base,5,2,23,2286.0,68.0,base,0
base,5,2,32,2540.0,28.0,base,0
base,5,2,33,2887.0,0.0,base,0
base,5,2,33,2887.0,46.0,base,0
base,5,2,35,2494.0,46.0,base,0
base,5,2,43,2592.0,0.0,base,0
base,5,2,44,2704.0,0.0,base,0
base,5,2,44,2728.0,32.0,base,0
base,5,2,44,2871.0,-11.0,base,0
base,5,2,49,2596.0,-20.0,base,0
base,5,2,51,2549.0,27.0,base,0
base,5,3,8,2718.0,0.0,base,0
base,5,3,8,2718.0,17.0,base,0
base,5,3,10,2645.0,20.0,base,0
base,5,3,10,2716.0,-27.0,base,0
base,5,3,10,2716.0,0.0,base,0
base,5,3,10,2716.0,12.0,base,0
base,5,3,10,2716.0,27.0,base,0
base,5,3,16,3097.0,-45.0,base,0
base,5,3,16,3160.0,-23.0,base,0
base,5,3,16,3160.0,27.0,base,0
base,5,3,19,3052.0,24.0,base,0
base,5,3,22,2517.0,24.0,base,0
base,5,3,23,2385.0,17.0,base,0
base,5,3,24,2497.0,0.0,base,0
base,5,3,32,2791.0,61.0,base,0
base,5,3,35,2600.0,0.0,base,0
base,5,3,44,3066.0,-38.0,base,0
base,5,3,44,3066.0,24.0,base,0
base,5,3,49,2998.0,0.0,base,0
base,5,3,51,3284.0,-42.0,base,0
base,5,3,52,3266.0,0.0,base,0
base,5,3,53,2877.0,56.0,base,0
base,5,4,4,2881.0,0.0,base,0
base,5,4,8,2856.0,0.0,base,0
base,5,4,8,2925.0,9.0,base,0
base,5,4,10,2800.0,0.0,base,0
base,5,4,10,2881.0,3.0,base,0
base,5,4,16,3314.0,17.0,base,0
base,5,4,16,3386.0,-7.0,base,0
base,5,4,19,3439.0,12.0,base,0
base,5,4,19,3484.0,-8.0,base,0
base,5,4,33,3314.0,0.0,base,0
base,5,4,44,3242.0,24.0,base,0
base,5,4,49,3383.0,53.0,base,0
base,5,4,51,3368.0,0.0,base,0
base,5,4,52,3308.0,0.0,base,0
base,5,4,53,3090.0,10.0,base,0
base,5,4,53,3285.0,0.0,base,0
base,5,4,58,3235.0,24.0,base,0
base,6,0,8,2092.0,17.0,base,0
base,6,0,8,2129.0,27.0,base,0
base,6,0,8,2185.0,0.0,base,0
base,6,0,10,2159.0,-1.0,base,0
base,6,0,10,2176.0,0.0,base,0
base,6,0,10,2182.0,5.0,base,0
base,6,0,10,2264.0,0.0,base,0
base,6,0,16,2232.0,0.0,base,0
base,6,0,16,2352.0,-3.0,base,0
base,6,0,16,2352.0,21.0,base,0
base,6,0,16,2404.0,0.0,base,0
base,6,0,19,2155.0,-23.0,base,0
base,6,0,19,2238.0,0.0,base,0
base,6,0,19,2238.0,72.0,base,0
base,6,0,22,2182.0,10.0,base,0
base,6,0,23,2153.0,-24.0,base,0
base,6,0,24,2133.0,0.0,base,0
base,6,0,32,2202.0,48.0,base,0
base,6,0,33,2202.0,0.0,base,0
base,6,0,35,2212.0,22.0,base,0
base,6,0,44,2274.0,-18.0,base,0
base,6,0,44,2357.0,-37.0,base,0
base,6,0,44,2357.0,11.0,base,0
base,6,0,49,2232.0,-55.0,base,0
base,6,0,49,2232.0,-6.0,base,0
base,6,0,49,2238.0,68.0,base,0
base,6,0,51,2232.0,72.0,base,0
base,6,0,52,2158.0,24.0,base,0
base,6,0,52,2280.0,0.0,base,0
base,6,0,53,2238.0,-5.0,base,0
base,6,0,57,2229.0,28.0,base,0
base,6,0,57,2516.0,0.0,base,0
base,6,0,57,2516.0,21.0,base,0
base,6,0,58,2256.0,24.0,base,0
base,6,1,4,2295.0,-70.0,base,0
base,6,1,8,2298.0,0.0,base,0
base,6,1,10,2273.0,8.0,base,0
base,6,1,10,2304.0,-8.0,base,0
base,6,1,10,2329.0,0.0,base,0
base,6,1,10,2354.0,-9.0,base,0
base,6,1,10,2392.0,0.0,base,0
base,6,1,14,2314.0,40.0,base,0
base,6,1,16,2516.0,-22.0,base,0
base,6,1,16,2600.0,12.0,base,0
base,6,1,19,2422.0,72.0,base,0
base,6,1,24,2181.0,0.0,base,0
base,6,1,44,2536.0,-8.0,base,0
base,6,1,49,2470.0,0.0,base,0
base,6,1,52,2322.0,9.0,base,0
base,6,1,57,2304.0,48.0,base,0
base,6,1,57,2304.0,68.0,base,0
base,6,2,4,2548.0,0.0,base,0
base,6,2,8,2524.0,24.0,base,0
base,6,2,10,2422.0,0.0,base,0
base,6,2,10,2432.0,10.0,base,0
base,6,2,10,2470.0,25.0,base,0
base,6,2,10,2540.0,0.0,base,0
base,6,2,16,2790.0,66.0,base,0
base,6,2,16,2929.0,0.0,base,0
base,6,2,19,2576.0,0.0,base,0
base,6,2,19,2672.0,47.0,base,0
base,6,2,22,2424.0,-6.0,base,0
base,6,2,23,2286.0,68.0,base,0
base,6,2,32,2540.0,0.0,base,0
base,6,2,32,2540.0,28.0,base,0
base,6,2,33,2887.0,0.0,base,0
base,6,2,43,2592.0,0.0,base,0
base,6,2,44,2656.0,0.0,base,0
base,6,2,44,2704.0,0.0,base,0
base,6,2,44,2728.0,32.0,base,0
base,6,2,44,2871.0,-11.0,base,0
base,6,2,49,2596.0,-56.0,base,0
base,6,2,51,2549.0,27.0,base,0
base,6,2,52,2519.0,57.0,base,0
base,6,2,58,2600.0,0.0,base,0
base,6,3,4,2802.0,51.0,base,0
base,6,3,8,2718.0,0.0,base,0
base,6,3,8,2718.0,17.0,base,0
base,6,3,10,2645.0,20.0,base,0
base,6,3,16,3000.0,41.0,base,0
base,6,3,19,3052.0,-21.0,base,0
base,6,3,19,3052.0,24.0,base,0
base,6,3,22,2517.0,24.0,base,0
base,6,3,23,2385.0,0.0,base,0
base,6,3,24,2497.0,0.0,base,0
base,6,3,32,2791.0,61.0,base,0
base,6,3,35,2600.0,0.0,base,0
base,6,3,49,2998.0,0.0,base,0
base,6,3,52,3266.0,0.0,base,0
base,6,4,8,2856.0,0.0,base,0
base,6,4,8,2925.0,9.0,base,0
base,6,4,10,2860.0,0.0,base,0
base,6,4,10,2934.0,0.0,base,0
base,6,4,10,3308.0,-65.0,base,0
base,6,4,16,3314.0,0.0,base,0
base,6,4,16,3363.0,0.0,base,0
base,6,4,16,3436.0,-23.0,base,0
base,6,4,19,3439.0,-27.0,base,0
base,6,4,19,3484.0,-8.0,base,0
base,6,4,23,2517.0,0.0,base,0
base,6,4,32,3074.0,16.0,base,0
base,6,4,33,3314.0,0.0,base,0
base,6,4,35,3189.0,0.0,base,0
base,6,4,36,3432.0,-72.0,base,0
base,6,4,44,3242.0,24.0,base,0
base,6,4,44,3329.0,47.0,base,0
base,6,4,49,3331.0,-17.0,base,0
base,6,4,49,3383.0,0.0,base,0
base,6,4,51,3368.0,0.0,base,0
base,6,4,58,3235.0,24.0,base,0
base,7,0,4,2128.0,30.0,base,0
base,7,0,4,2210.0,22.0,base,0
base,7,0,7,2169.0,0.0,base,0
base,7,0,8,2129.0,0.0,base,0
base,7,0,8,2129.0,27.0,base,0
base,7,0,8,2185.0,0.0,base,0
base,7,0,10,2159.0,4.0,base,0
base,7,0,10,2176.0,0.0,base,0
base,7,0,10,2226.0,0.0,base,0
base,7,0,16,2232.0,0.0,base,0
base,7,0,16,2352.0,-3.0,base,0
base,7,0,16,2352.0,21.0,base,0
base,7,0,16,2404.0,0.0,base,0
base,7,0,19,2155.0,-23.0,base,0
base,7,0,19,2238.0,0.0,base,0
base,7,0,19,2238.0,72.0,base,0
base,7,0,22,2182.0,24.0,base,0
base,7,0,23,2153.0,-11.0,base,0
base,7,0,32,2202.0,48.0,base,0
base,7,0,33,2202.0,0.0,base,0
base,7,0,35,2212.0,0.0,base,0
base,7,0,44,2274.0,-18.0,base,0
base,7,0,44,2274.0,3.0,base,0
base,7,0,44,2357.0,-37.0,base,0
base,7,0,44,2357.0,11.0,base,0
base,7,0,49,2232.0,-55.0,base,0
base,7,0,49,2232.0,-6.0,base,0
base,7,0,49,2238.0,68.0,base,0
base,7,0,51,2232.0,72.0,base,0
base,7,0,52,2158.0,24.0,base,0
base,7,0,52,2280.0,0.0,base,0
base,7,0,53,2238.0,-5.0,base,0
base,7,0,57,2516.0,0.0,base,0
base,7,0,57,2516.0,21.0,base,0
base,7,0,58,2256.0,24.0,base,0
base,7,1,4,2295.0,0.0,base,0
base,7,1,10,2329.0,-9.0,base,0
base,7,1,10,2354.0,-9.0,base,0
base,7,1,10,2392.0,0.0,base,0
base,7,1,16,2516.0,-22.0,base,0
base,7,1,16,2600.0,12.0,base,0
base,7,1,16,2600.0,35.0,base,0
base,7,1,19,2422.0,11.0,base,0
base,7,1,19,2422.0,72.0,base,0
base,7,1,44,2536.0,-8.0,base,0
base,7,1,49,2470.0,0.0,base,0
base,7,1,52,2322.0,9.0,base,0
base,7,1,57,2304.0,48.0,base,0
base,7,1,57,2304.0,68.0,base,0
base,7,1,58,2560.0,10.0,base,0
base,7,2,4,2548.0,0.0,base,0
base,7,2,8,2524.0,24.0,base,0
base,7,2,10,2422.0,0.0,base,0
base,7,2,10,2432.0,10.0,base,0
base,7,2,10,2470.0,25.0,base,0
base,7,2,10,2540.0,0.0,base,0
base,7,2,14,2470.0,24.0,base,0
base,7,2,16,2790.0,60.0,base,0
base,7,2,16,2929.0,0.0,base,0
base,7,2,19,2576.0,0.0,base,0
base,7,2,19,2672.0,47.0,base,0
base,7,2,22,2424.0,-6.0,base,0
base,7,2,22,2455.0,-8.0,base,0
base,7,2,23,2286.0,68.0,base,0
base,7,2,32,2540.0,0.0,base,0
base,7,2,32,2540.0,28.0,base,0
base,7,2,33,2887.0,0.0,base,0
base,7,2,43,2592.0,0.0,base,0
base,7,2,44,2704.0,0.0,base,0
base,7,2,44,2728.0,32.0,base,0
base,7,2,44,2871.0,-11.0,base,0
base,7,2,49,2596.0,-56.0,base,0
base,7,2,51,2549.0,27.0,base,0
base,7,2,52,2519.0,57.0,base,0
base,7,2,57,2683.0,37.0,base,0
base,7,2,58,2600.0,0.0,base,0
base,7,3,8,2718.0,0.0,base,0
base,7,3,8,2718.0,17.0,base,0
base,7,3,10,2716.0,-21.0,base,0
base,7,3,10,2716.0,12.0,base,0
base,7,3,16,3000.0,41.0,base,0
base,7,3,19,3100.0,-10.0,base,0
base,7,3,22,2517.0,24.0,base,0
base,7,3,24,2497.0,-30.0,base,0
base,7,3,32,2791.0,61.0,base,0
base,7,3,35,2600.0,0.0,base,0
base,7,3,44,3066.0,24.0,base,0
base,7,3,49,2998.0,0.0,base,0
base,7,3,52,2857.0,0.0,base,0
base,7,4,4,2881.0,4.0,base,0
base,7,4,8,2856.0,0.0,base,0
base,7,4,8,2925.0,9.0,base,0
base,7,4,10,2852.0,0.0,base,0
base,7,4,10,2934.0,0.0,base,0
base,7,4,10,3308.0,-65.0,base,0
base,7,4,16,3314.0,0.0,base,0
base,7,4,16,3386.0,0.0,base,0
base,7,4,16,3436.0,-9.0,base,0
base,7,4,19,3484.0,-8.0,base,0
base,7,4,32,3074.0,0.0,base,0
base,7,4,33,3314.0,0.0,base,0
base,7,4,35,3189.0,0.0,base,0
base,7,4,44,3242.0,24.0,base,0
base,7,4,44,3329.0,60.0,base,0
base,7,4,49,3383.0,0.0,base,0
base,8,0,4,2128.0,30.0,base,0
base,8,0,4,2210.0,22.0,base,0
base,8,0,8,2129.0,0.0,base,0
base,8,0,8,2129.0,27.0,base,0
base,8,0,8,2185.0,0.0,base,0
base,8,0,10,2159.0,4.0,base,0
base,8,0,10,2176.0,0.0,base,0
base,8,0,10,2264.0,0.0,base,0
base,8,0,16,2232.0,0.0,base,0
base,8,0,16,2352.0,-3.0,base,0
base,8,0,16,2352.0,21.0,base,0
base,8,0,16,2404.0,0.0,base,0
base,8,0,19,2155.0,-23.0,base,0
base,8,0,19,2238.0,0.0,base,0
base,8,0,19,2238.0,72.0,base,0
base,8,0,22,2182.0,10.0,base,0
base,8,0,23,2153.0,-11.0,base,0
base,8,0,24,2133.0,0.0,base,0
base,8,0,32,2202.0,48.0,base,0
base,8,0,33,2202.0,31.0,base,0
base,8,0,44,2274.0,-18.0,base,0
base,8,0,44,2357.0,-37.0,base,0
base,8,0,44,2357.0,11.0,base,0
base,8,0,49,2232.0,-55.0,base,0
base,8,0,49,2232.0,-6.0,base,0
base,8,0,49,2238.0,68.0,base,0
base,8,0,51,2232.0,72.0,base,0
base,8,0,52,2158.0,24.0,base,0
base,8,0,52,2280.0,0.0,base,0
base,8,0,53,2238.0,-5.0,base,0
base,8,0,57,2229.0,28.0,base,0
base,8,0,57,2516.0,0.0,base,0
base,8,0,57,2516.0,21.0,base,0
base,8,0,58,2256.0,24.0,base,0
base,8,1,4,2295.0,0.0,base,0
base,8,1,8,2298.0,0.0,base,0
base,8,1,10,2273.0,0.0,base,0
base,8,1,10,2304.0,2.0,base,0
base,8,1,10,2354.0,-9.0,base,0
base,8,1,10,2354.0,2.0,base,0
base,8,1,10,2392.0,0.0,base,0
base,8,1,14,2314.0,40.0,base,0
base,8,1,16,2516.0,-22.0,base,0
base,8,1,16,2600.0,12.0,base,0
base,8,1,19,2422.0,11.0,base,0
base,8,1,19,2422.0,72.0,base,0
base,8,1,24,2337.0,-32.0,base,0
base,8,1,44,2536.0,-8.0,base,0
base,8,1,49,2470.0,0.0,base,0
base,8,1,52,2322.0,9.0,base,0
base,8,1,57,2304.0,48.0,base,0
base,8,1,57,2304.0,68.0,base,0
base,8,1,58,2560.0,10.0,base,0
base,8,2,4,2548.0,0.0,base,0
base,8,2,8,2524.0,24.0,base,0
base,8,2,10,2422.0,0.0,base,0
base,8,2,10,2432.0,10.0,base,0
base,8,2,10,2470.0,25.0,base,0
base,8,2,10,2540.0,0.0,base,0
base,8,2,16,2790.0,66.0,base,0
base,8,2,16,2929.0,0.0,base,0
base,8,2,19,2576.0,0.0,base,0
base,8,2,19,2856.0,7.0,base,0
base,8,2,22,2424.0,-6.0,base,0
base,8,2,22,2455.0,-8.0,base,0
base,8,2,23,2286.0,68.0,base,0
base,8,2,32,2540.0,0.0,base,0
base,8,2,32,2540.0,28.0,base,0
base,8,2,33,2887.0,0.0,base,0
base,8,2,35,2494.0,0.0,base,0
base,8,2,43,2592.0,0.0,base,0
base,8,2,44,2656.0,0.0,base,0
base,8,2,44,2704.0,0.0,base,0
base,8,2,44,2728.0,32.0,base,0
base,8,2,44,2871.0,-11.0,base,0
base,8,2,49,2596.0,-56.0,base,0
base,8,2,51,2549.0,27.0,base,0
base,8,2,52,2519.0,57.0,base,0
base,8,2,57,2683.0,0.0,base,0
base,8,2,58,2600.0,0.0,base,0
base,8,3,8,2718.0,0.0,base,0
base,8,3,8,2718.0,17.0,base,0
base,8,3,10,2716.0,12.0,base,0
base,8,3,16,3097.0,-45.0,base,0
base,8,3,16,3097.0,0.0,base,0
base,8,3,19,3052.0,-21.0,base,0
base,8,3,19,3052.0,24.0,base,0
base,8,3,19,3100.0,0.0,base,0
base,8,3,23,2385.0,0.0,base,0
base,8,3,32,2791.0,61.0,base,0
base,8,3,35,2600.0,0.0,base,0
base,8,3,44,3066.0,-38.0,base,0
base,8,3,44,3066.0,24.0,base,0
base,8,3,49,2998.0,0.0,base,0
base,8,3,51,3284.0,-42.0,base,0
base,8,3,53,2877.0,56.0,base,0
base,8,3,58,2741.0,-23.0,base,0
base,8,4,8,2856.0,0.0,base,0
base,8,4,8,2925.0,-21.0,base,0
base,8,4,8,2925.0,9.0,base,0
base,8,4,10,2852.0,0.0,base,0
base,8,4,10,2881.0,3.0,base,0
base,8,4,16,3314.0,-47.0,base,0
base,8,4,16,3386.0,0.0,base,0
base,8,4,19,3484.0,-8.0,base,0
base,8,4,19,3488.0,0.0,base,0
base,8,4,23,2517.0,0.0,base,0
base,8,4,33,3314.0,0.0,base,0
base,8,4,44,3242.0,-9.0,base,0
base,8,4,44,3242.0,24.0,base,0
base,8,4,44,3329.0,26.0,base,0
base,8,4,49,3383.0,0.0,base,0
base,8,4,52,3308.0,0.0,base,0
base,8,4,52,3390.0,0.0,base,0
base,8,4,58,3235.0,24.0,base,0
base,9,0,4,2128.0,30.0,base,0
base,9,0,4,2210.0,22.0,base,0
base,9,0,7,2169.0,0.0,base,0
base,9,0,8,2129.0,0.0,base,0
base,9,0,8,2129.0,27.0,base,0
base,9,0,8,2185.0,0.0,base,0
base,9,0,10,2159.0,4.0,base,0
base,9,0,10,2176.0,0.0,base,0
base,9,0,10,2264.0,0.0,base,0
base,9,0,16,2232.0,0.0,base,0
base,9,0,16,2352.0,-3.0,base,0
base,9,0,16,2352.0,21.0,base,0
base,9,0,16,2404.0,0.0,base,0
base,9,0,19,2155.0,-23.0,base,0
base,9,0,19,2238.0,0.0,base,0
base,9,0,19,2238.0,72.0,base,0
base,9,0,22,2182.0,10.0,base,0
base,9,0,23,2153.0,-11.0,base,0
base,9,0,32,2202.0,36.0,base,0
base,9,0,35,2212.0,22.0,base,0
base,9,0,44,2274.0,-18.0,base,0
base,9,0,44,2357.0,-37.0,base,0
base,9,0,44,2357.0,11.0,base,0
base,9,0,49,2232.0,-55.0,base,0
base,9,0,49,2232.0,-6.0,base,0
base,9,0,49,2238.0,68.0,base,0
base,9,0,51,2232.0,72.0,base,0
base,9,0,52,2158.0,24.0,base,0
base,9,0,53,2238.0,-5.0,base,0
base,9,0,57,2229.0,28.0,base,0
base,9,0,57,2516.0,0.0,base,0
base,9,0,57,2516.0,21.0,base,0
base,9,0,58,2256.0,24.0,base,0
base,9,1,4,2295.0,-70.0,base,0
base,9,1,8,2298.0,0.0,base,0
base,9,1,10,2273.0,8.0,base,0
base,9,1,10,2304.0,-8.0,base,0
base,9,1,10,2329.0,-9.0,base,0
base,9,1,10,2354.0,-9.0,base,0
base,9,1,10,2392.0,0.0,base,0
base,9,1,14,2314.0,40.0,base,0
base,9,1,16,2516.0,-22.0,base,0
base,9,1,16,2600.0,12.0,base,0
base,9,1,19,2422.0,11.0,base,0
base,9,1,19,2422.0,72.0,base,0
base,9,1,24,2181.0,0.0,base,0
base,9,1,44,2536.0,-8.0,base,0
base,9,1,49,2470.0,0.0,base,0
base,9,1,57,2304.0,48.0,base,0
base,9,1,57,2304.0,68.0,base,0
base,9,1,58,2560.0,10.0,base,0
base,9,2,8,2524.0,24.0,base,0
base,9,2,10,2422.0,0.0,base,0
base,9,2,10,2432.0,10.0,base,0
base,9,2,10,2470.0,25.0,base,0
base,9,2,10,2540.0,0.0,base,0
base,9,2,16,2790.0,60.0,base,0
base,9,2,16,2929.0,0.0,base,0
base,9,2,19,2576.0,48.0,base,0
base,9,2,22,2424.0,-6.0,base,0
base,9,2,22,2455.0,-8.0,base,0
base,9,2,23,2286.0,68.0,base,0
base,9,2,32,2540.0,0.0,base,0
base,9,2,33,2887.0,0.0,base,0
base,9,2,43,2592.0,0.0,base,0
base,9,2,44,2871.0,-11.0,base,0
base,9,2,49,2596.0,-56.0,base,0
base,9,2,51,2549.0,27.0,base,0
base,9,2,51,2904.0,0.0,base,0
base,9,2,58,2600.0,0.0,base,0
base,9,3,8,2718.0,0.0,base,0
base,9,3,8,2718.0,17.0,base,0
base,9,3,10,2645.0,20.0,base,0
base,9,3,10,2716.0,-21.0,base,0
base,9,3,10,2716.0,12.0,base,0
base,9,3,16,3000.0,0.0,base,0
base,9,3,16,3000.0,41.0,base,0
base,9,3,16,3160.0,-11.0,base,0
base,9,3,19,3100.0,-20.0,base,0
base,9,3,22,2517.0,24.0,base,0
base,9,3,24,2497.0,-30.0,base,0
base,9,3,32,2791.0,61.0,base,0
base,9,3,35,2600.0,0.0,base,0
base,9,3,49,2998.0,0.0,base,0
base,9,3,53,2877.0,56.0,base,0
base,9,4,8,2856.0,0.0,base,0
base,9,4,8,2925.0,9.0,base,0
base,9,4,10,2800.0,0.0,base,0
base,9,4,10,2852.0,0.0,base,0
base,9,4,10,2934.0,0.0,base,0
base,9,4,10,3308.0,-65.0,base,0
base,9,4,16,3314.0,17.0,base,0
base,9,4,16,3363.0,0.0,base,0
base,9,4,16,3436.0,-23.0,base,0
base,9,4,19,3439.0,-49.0,base,0
base,9,4,19,3484.0,-8.0,base,0
base,9,4,32,3074.0,16.0,base,0
base,9,4,33,3314.0,0.0,base,0
base,9,4,35,3189.0,0.0,base,0
base,9,4,44,3242.0,24.0,base,0
base,9,4,44,3329.0,47.0,base,0
base,9,4,49,3331.0,-17.0,base,0
base,9,4,49,3383.0,0.0,base,0
base_h1,0,0,4,2128.0,30.0,base,1
base_h1,0,0,4,2232.0,-7.0,base,1
base_h1,0,0,8,2092.0,17.0,base,1
base_h1,0,0,8,2129.0,27.0,base,1
base_h1,0,0,8,2185.0,0.0,base,1
base_h1,0,0,10,2159.0,4.0,base,1
base_h1,0,0,10,2176.0,0.0,base,1
base_h1,0,0,10,2274.0,-17.0,base,1
base_h1,0,0,14,2194.0,38.0,base,1
base_h1,0,0,16,2232.0,0.0,base,1
base_h1,0,0,16,2254.0,24.0,base,1
base_h1,0,0,16,2349.0,0.0,base,1
base_h1,0,0,16,2352.0,21.0,base,1
base_h1,0,0,16,2404.0,-2.0,base,1
base_h1,0,0,19,2155.0,-23.0,base,1
base_h1,0,0,19,2286.0,-54.0,base,1
base_h1,0,0,19,2286.0,24.0,base,1
base_h1,0,0,23,2118.0,24.0,base,1
base_h1,0,0,32,2202.0,36.0,base,1
base_h1,0,0,32,2286.0,41.0,base,1
base_h1,0,0,33,2202.0,-20.0,base,1
base_h1,0,0,33,2572.0,-20.0,base,1
base_h1,0,0,35,2212.0,22.0,base,1
base_h1,0,0,44,2320.0,-7.0,base,1
base_h1,0,0,44,2357.0,15.0,base,1
base_h1,0,0,49,2232.0,-6.0,base,1
base_h1,0,0,49,2258.0,0.0,base,1
base_h1,0,0,49,2258.0,50.0,base,1
base_h1,0,0,52,2158.0,24.0,base,1
base_h1,0,0,52,2280.0,0.0,base,1
base_h1,0,0,57,2516.0,0.0,base,1
base_h1,0,0,57,2516.0,21.0,base,1
base_h1,0,0,58,2256.0,-18.0,base,1
base_h1,0,1,4,2447.0,0.0,base,1
base_h1,0,1,8,2410.0,17.0,base,1
base_h1,0,1,8,2450.0,10.0,base,1
base_h1,0,1,10,2304.0,0.0,base,1
base_h1,0,1,10,2354.0,2.0,base,1
base_h1,0,1,16,2526.0,-10.0,base,1
base_h1,0,1,16,2600.0,0.0,base,1
base_h1,0,1,16,2600.0,32.0,base,1
base_h1,0,1,19,2494.0,0.0,base,1
base_h1,0,1,22,2261.0,0.0,base,1
base_h1,0,1,24,2305.0,-3.0,base,1
base_h1,0,1,32,2374.0,-3.0,base,1
base_h1,0,1,32,2374.0,48.0,base,1
base_h1,0,1,33,2856.0,0.0,base,1
base_h1,0,1,33,2856.0,20.0,base,1
base_h1,0,1,35,2470.0,-23.0,base,1
base_h1,0,1,36,2568.0,24.0,base,1
base_h1,0,1,44,2491.0,-26.0,base,1
base_h1,0,1,44,2560.0,48.0,base,1
base_h1,0,1,49,2372.0,0.0,base,1
base_h1,0,1,49,2470.0,0.0,base,1
base_h1,0,1,51,2543.0,0.0,base,1
base_h1,0,1,57,2286.0,66.0,base,1
base_h1,0,1,57,2572.0,28.0,base,1
base_h1,0,2,4,2764.0,-69.0,base,1
base_h1,0,2,8,2524.0,0.0,base,1
base_h1,0,2,8,2524.0,49.0,base,1
base_h1,0,2,10,2427.0,0.0,base,1
base_h1,0,2,10,2432.0,10.0,base,1
base_h1,0,2,10,2470.0,25.0,base,1
base_h1,0,2,16,2690.0,38.0,base,1
base_h1,0,2,16,2929.0,0.0,base,1
base_h1,0,2,19,2549.0,24.0,base,1
base_h1,0,2,19,2672.0,-48.0,base,1
base_h1,0,2,22,2424.0,-6.0,base,1
base_h1,0,2,23,2354.0,-68.0,base,1
base_h1,0,2,23,2354.0,0.0,base,1
base_h1,0,2,24,2380.0,0.0,base,1
base_h1,0,2,32,2540.0,28.0,base,1
base_h1,0,2,33,2887.0,0.0,base,1
base_h1,0,2,35,2597.0,0.0,base,1
base_h1,0,2,44,2656.0,0.0,base,1
base_h1,0,2,49,2558.0,18.0,base,1
base_h1,0,2,52,2720.0,0.0,base,1
base_h1,0,2,58,2802.0,-61.0,base,1
base_h1,0,3,7,2450.0,0.0,base,1
base_h1,0,3,8,2298.0,12.0,base,1
base_h1,0,3,8,2684.0,51.0,base,1
base_h1,0,3,10,2716.0,-21.0,base,1
base_h1,0,3,10,2778.0,-26.0,base,1
base_h1,0,3,16,3000.0,0.0,base,1
base_h1,0,3,16,3097.0,-45.0,base,1
base_h1,0,3,16,3097.0,-7.0,base,1
base_h1,0,3,19,3052.0,-45.0,base,1
base_h1,0,3,19,3052.0,15.0,base,1
base_h1,0,3,22,2495.0,0.0,base,1
base_h1,0,3,32,2572.0,0.0,base,1
base_h1,0,3,32,2791.0,61.0,base,1
base_h1,0,3,33,2471.0,47.0,base,1
base_h1,0,3,35,2714.0,-71.0,base,1
base_h1,0,3,44,3088.0,-44.0,base,1
base_h1,0,3,57,2856.0,4.0,base,1
base_h1,0,3,57,3235.0,0.0,base,1
base_h1,0,3,58,2689.0,29.0,base,1
base_h1,0,4,8,2417.0,-32.0,base,1
base_h1,0,4,8,2925.0,9.0,base,1
base_h1,0,4,10,2800.0,0.0,base,1
base_h1,0,4,10,2881.0,3.0,base,1
base_h1,0,4,10,2934.0,23.0,base,1
base_h1,0,4,16,3218.0,17.0,base,1
base_h1,0,4,16,3314.0,0.0,base,1
base_h1,0,4,16,3386.0,-7.0,base,1
base_h1,0,4,16,3436.0,-9.0,base,1
base_h1,0,4,19,3271.0,0.0,base,1
base_h1,0,4,19,3379.0,-11.0,base,1
base_h1,0,4,19,3439.0,0.0,base,1
base_h1,0,4,33,2577.0,19.0,base,1
base_h1,0,4,33,3283.0,31.0,base,1
base_h1,0,4,35,3189.0,0.0,base,1
base_h1,0,4,44,3209.0,0.0,base,1
base_h1,0,4,44,3209.0,47.0,base,1
base_h1,0,4,44,3329.0,0.0,base,1
base_h1,0,4,44,3329.0,47.0,base,1
base_h1,0,4,49,3331.0,-41.0,base,1
base_h1,0,4,49,3383.0,0.0,base,1
base_h1,0,4,51,3284.0,23.0,base,1
base_h1,0,4,51,3368.0,23.0,base,1
base_h1,0,4,57,3340.0,-33.0,base,1
base_h1,0,4,57,3340.0,0.0,base,1
base_h1,0,4,57,3340.0,39.0,base,1
base_h1,1,0,4,2128.0,30.0,base,1
base_h1,1,0,8,2092.0,17.0,base,1
base_h1,1,0,8,2129.0,27.0,base,1
base_h1,1,0,8,2185.0,0.0,base,1
base_h1,1,0,10,2159.0,-1.0,base,1
base_h1,1,0,10,2159.0,4.0,base,1
base_h1,1,0,10,2176.0,0.0,base,1
base_h1,1,0,10,2274.0,-17.0,base,1
base_h1,1,0,14,2194.0,38.0,base,1
base_h1,1,0,16,2232.0,0.0,base,1
base_h1,1,0,16,2349.0,0.0,base,1
base_h1,1,0,16,2352.0,21.0,base,1
base_h1,1,0,16,2404.0,-2.0,base,1
base_h1,1,0,19,2286.0,24.0,base,1
base_h1,1,0,23,2118.0,11.0,base,1
base_h1,1,0,24,2133.0,0.0,base,1
base_h1,1,0,32,2202.0,32.0,base,1
base_h1,1,0,32,2286.0,41.0,base,1
base_h1,1,0,33,2202.0,0.0,base,1
base_h1,1,0,33,2572.0,-20.0,base,1
base_h1,1,0,35,2212.0,-30.0,base,1
base_h1,1,0,35,2212.0,22.0,base,1
base_h1,1,0,44,2320.0,-7.0,base,1
base_h1,1,0,44,2357.0,15.0,base,1
base_h1,1,0,49,2232.0,-55.0,base,1
base_h1,1,0,49,2232.0,-6.0,base,1
base_h1,1,0,49,2258.0,0.0,base,1
base_h1,1,0,49,2258.0,50.0,base,1
base_h1,1,0,51,2232.0,31.0,base,1
base_h1,1,0,52,2158.0,24.0,base,1
base_h1,1,0,52,2280.0,0.0,base,1
base_h1,1,0,57,2516.0,0.0,base,1
base_h1,1,0,57,2516.0,21.0,base,1
base_h1,1,0,58,2183.0,-25.0,base,1
base_h1,1,1,4,2447.0,0.0,base,1
base_h1,1,1,8,2410.0,-12.0,base,1
base_h1,1,1,8,2410.0,17.0,base,1
base_h1,1,1,8,2450.0,10.0,base,1
base_h1,1,1,8,2450.0,33.0,base,1
base_h1,1,1,10,2304.0,0.0,base,1
base_h1,1,1,10,2354.0,2.0,base,1
base_h1,1,1,16,2526.0,-10.0,base,1
base_h1,1,1,16,2600.0,0.0,base,1
base_h1,1,1,19,2398.0,-26.0,base,1
base_h1,1,1,19,2398.0,35.0,base,1
base_h1,1,1,19,2494.0,0.0,base,1
base_h1,1,1,22,2261.0,0.0,base,1
base_h1,1,1,24,2305.0,-3.0,base,1
base_h1,1,1,32,2374.0,-3.0,base,1
base_h1,1,1,32,2374.0,48.0,base,1
base_h1,1,1,32,2503.0,0.0,base,1
base_h1,1,1,33,2856.0,0.0,base,1
base_h1,1,1,33,2856.0,20.0,base,1
base_h1,1,1,35,2470.0,-23.0,base,1
base_h1,1,1,36,2568.0,24.0,base,1
base_h1,1,1,44,2423.0,18.0,base,1
base_h1,1,1,44,2560.0,48.0,base,1
base_h1,1,1,49,2372.0,-66.0,base,1
base_h1,1,1,49,2372.0,0.0,base,1
base_h1,1,1,49,2470.0,0.0,base,1
base_h1,1,1,57,2286.0,66.0,base,1
base_h1,1,1,57,2645.0,0.0,base,1
base_h1,1,2,4,2764.0,-69.0,base,1
base_h1,1,2,8,2524.0,0.0,base,1
base_h1,1,2,8,2524.0,24.0,base,1
base_h1,1,2,10,2470.0,25.0,base,1
base_h1,1,2,10,2540.0,0.0,base,1
base_h1,1,2,10,2540.0,56.0,base,1
base_h1,1,2,16,2690.0,38.0,base,1
base_h1,1,2,16,2790.0,66.0,base,1
base_h1,1,2,16,2929.0,0.0,base,1
base_h1,1,2,19,2549.0,24.0,base,1
base_h1,1,2,19,2672.0,-48.0,base,1
base_h1,1,2,22,2424.0,-6.0,base,1
base_h1,1,2,23,2354.0,0.0,base,1
base_h1,1,2,32,2540.0,28.0,base,1
base_h1,1,2,33,2887.0,0.0,base,1
base_h1,1,2,35,2597.0,0.0,base,1
base_h1,1,2,44,2536.0,0.0,base,1
base_h1,1,2,49,2558.0,18.0,base,1
base_h1,1,2,52,2720.0,0.0,base,1
base_h1,1,2,58,2384.0,62.0,base,1
base_h1,1,3,8,2298.0,0.0,base,1
base_h1,1,3,8,2684.0,0.0,base,1
base_h1,1,3,8,2684.0,51.0,base,1
base_h1,1,3,10,2645.0,-1.0,base,1
base_h1,1,3,10,2716.0,-25.0,base,1
base_h1,1,3,10,2778.0,-26.0,base,1
base_h1,1,3,16,3000.0,29.0,base,1
base_h1,1,3,16,3097.0,-45.0,base,1
base_h1,1,3,16,3160.0,-11.0,base,1
base_h1,1,3,16,3242.0,0.0,base,1
base_h1,1,3,19,3052.0,24.0,base,1
base_h1,1,3,22,2495.0,22.0,base,1
base_h1,1,3,32,2572.0,0.0,base,1
base_h1,1,3,33,2471.0,0.0,base,1
base_h1,1,3,35,2422.0,72.0,base,1
base_h1,1,3,44,3088.0,-44.0,base,1
base_h1,1,3,49,2933.0,0.0,base,1
base_h1,1,3,49,3127.0,0.0,base,1
base_h1,1,3,52,2862.0,-5.0,base,1
base_h1,1,3,58,3067.0,0.0,base,1
base_h1,1,4,8,2925.0,-69.0,base,1
base_h1,1,4,8,2925.0,9.0,base,1
base_h1,1,4,10,2852.0,0.0,base,1
base_h1,1,4,10,2934.0,0.0,base,1
base_h1,1,4,16,3218.0,17.0,base,1
base_h1,1,4,16,3363.0,-7.0,base,1
base_h1,1,4,16,3436.0,-23.0,base,1
base_h1,1,4,19,3379.0,-11.0,base,1
base_h1,1,4,19,3484.0,-8.0,base,1
base_h1,1,4,33,2577.0,-37.0,base,1
base_h1,1,4,33,3283.0,0.0,base,1
base_h1,1,4,44,3209.0,47.0,base,1
base_h1,1,4,44,3329.0,-48.0,base,1
base_h1,1,4,49,3331.0,-17.0,base,1
base_h1,1,4,49,3331.0,25.0,base,1
base_h1,1,4,52,3283.0,0.0,base,1
base_h1,1,4,53,3266.0,0.0,base,1
base_h1,1,4,58,3235.0,0.0,base,1
base_h1,2,0,4,2128.0,30.0,base,1
base_h1,2,0,4,2232.0,-7.0,base,1
base_h1,2,0,8,2092.0,17.0,base,1
base_h1,2,0,8,2129.0,27.0,base,1
base_h1,2,0,8,2185.0,0.0,base,1
base_h1,2,0,10,2159.0,4.0,base,1
base_h1,2,0,10,2176.0,0.0,base,1
base_h1,2,0,10,2274.0,-17.0,base,1
base_h1,2,0,14,2194.0,38.0,base,1
base_h1,2,0,16,2232.0,0.0,base,1
base_h1,2,0,16,2349.0,0.0,base,1
base_h1,2,0,16,2352.0,21.0,base,1
base_h1,2,0,16,2404.0,-2.0,base,1
base_h1,2,0,19,2155.0,-23.0,base,1
base_h1,2,0,19,2286.0,-54.0,base,1
base_h1,2,0,19,2286.0,24.0,base,1
base_h1,2,0,23,2118.0,24.0,base,1
base_h1,2,0,24,2145.0,0.0,base,1
base_h1,2,0,32,2286.0,-36.0,base,1
base_h1,2,0,32,2286.0,41.0,base,1
base_h1,2,0,33,2202.0,0.0,base,1
base_h1,2,0,33,2572.0,-20.0,base,1
base_h1,2,0,35,2212.0,-30.0,base,1
base_h1,2,0,35,2212.0,22.0,base,1
base_h1,2,0,36,2304.0,0.0,base,1
base_h1,2,0,44,2320.0,-7.0,base,1
base_h1,2,0,44,2357.0,15.0,base,1
base_h1,2,0,49,2232.0,-55.0,base,1
base_h1,2,0,49,2232.0,-6.0,base,1
base_h1,2,0,49,2258.0,0.0,base,1
base_h1,2,0,49,2258.0,50.0,base,1
base_h1,2,0,52,2158.0,24.0,base,1
base_h1,2,0,52,2280.0,0.0,base,1
base_h1,2,0,57,2229.0,28.0,base,1
base_h1,2,0,57,2516.0,-22.0,base,1
base_h1,2,0,57,2516.0,21.0,base,1
base_h1,2,0,58,2256.0,-18.0,base,1
base_h1,2,1,4,2447.0,0.0,base,1
base_h1,2,1,8,2410.0,-12.0,base,1
base_h1,2,1,8,2410.0,17.0,base,1
base_h1,2,1,8,2450.0,4.0,base,1
base_h1,2,1,10,2280.0,-7.0,base,1
base_h1,2,1,10,2304.0,7.0,base,1
base_h1,2,1,10,2354.0,2.0,base,1
base_h1,2,1,16,2526.0,-10.0,base,1
base_h1,2,1,16,2600.0,0.0,base,1
base_h1,2,1,19,2398.0,-26.0,base,1
base_h1,2,1,19,2398.0,35.0,base,1
base_h1,2,1,19,2494.0,0.0,base,1
base_h1,2,1,22,2261.0,0.0,base,1
base_h1,2,1,24,2305.0,-3.0,base,1
base_h1,2,1,32,2374.0,-3.0,base,1
base_h1,2,1,32,2374.0,48.0,base,1
base_h1,2,1,33,2856.0,0.0,base,1
base_h1,2,1,33,2856.0,20.0,base,1
base_h1,2,1,35,2470.0,-23.0,base,1
base_h1,2,1,36,2568.0,24.0,base,1
base_h1,2,1,44,2423.0,18.0,base,1
base_h1,2,1,44,2491.0,0.0,base,1
base_h1,2,1,44,2560.0,-32.0,base,1
base_h1,2,1,49,2372.0,-66.0,base,1
base_h1,2,1,49,2372.0,0.0,base,1
base_h1,2,1,49,2470.0,0.0,base,1
base_h1,2,1,51,2543.0,0.0,base,1
base_h1,2,1,57,2286.0,66.0,base,1
base_h1,2,1,57,2572.0,28.0,base,1
base_h1,2,2,4,2543.0,0.0,base,1
base_h1,2,2,4,2764.0,-69.0,base,1
base_h1,2,2,10,2427.0,0.0,base,1
base_h1,2,2,10,2432.0,15.0,base,1
base_h1,2,2,10,2470.0,0.0,base,1
base_h1,2,2,14,2446.0,72.0,base,1
base_h1,2,2,16,2790.0,0.0,base,1
base_h1,2,2,16,2929.0,16.0,base,1
base_h1,2,2,19,2549.0,24.0,base,1
base_h1,2,2,23,2354.0,-41.0,base,1
base_h1,2,2,24,2380.0,15.0,base,1
base_h1,2,2,32,2446.0,19.0,base,1
base_h1,2,2,32,2540.0,12.0,base,1
base_h1,2,2,33,2422.0,0.0,base,1
base_h1,2,2,33,2887.0,0.0,base,1
base_h1,2,2,44,2656.0,0.0,base,1
base_h1,2,2,44,2728.0,-10.0,base,1
base_h1,2,2,44,2728.0,72.0,base,1
base_h1,2,2,44,2884.0,0.0,base,1
base_h1,2,2,49,2558.0,0.0,base,1
base_h1,2,2,49,2645.0,0.0,base,1
base_h1,2,2,58,2802.0,0.0,base,1
base_h1,2,3,8,2298.0,0.0,base,1
base_h1,2,3,8,2684.0,0.0,base,1
base_h1,2,3,8,2684.0,51.0,base,1
base_h1,2,3,10,2716.0,-21.0,base,1
base_h1,2,3,10,2778.0,-26.0,base,1
base_h1,2,3,16,3097.0,-45.0,base,1
base_h1,2,3,16,3097.0,-7.0,base,1
base_h1,2,3,19,3052.0,-45.0,base,1
base_h1,2,3,19,3052.0,24.0,base,1
base_h1,2,3,22,2495.0,0.0,base,1
base_h1,2,3,22,2495.0,46.0,base,1
base_h1,2,3,32,2572.0,0.0,base,1
base_h1,2,3,33,2471.0,47.0,base,1
base_h1,2,3,35,2714.0,-71.0,base,1
base_h1,2,3,44,3088.0,-44.0,base,1
base_h1,2,3,44,3242.0,-70.0,base,1
base_h1,2,3,49,2933.0,0.0,base,1
base_h1,2,3,52,2862.0,-5.0,base,1
base_h1,2,3,52,2862.0,26.0,base,1
base_h1,2,3,58,3067.0,0.0,base,1
base_h1,2,4,8,2925.0,-69.0,base,1
base_h1,2,4,8,2925.0,9.0,base,1
base_h1,2,4,10,2800.0,0.0,base,1
base_h1,2,4,10,2852.0,0.0,base,1
base_h1,2,4,10,2934.0,0.0,base,1
base_h1,2,4,16,3218.0,17.0,base,1
base_h1,2,4,16,3314.0,0.0,base,1
base_h1,2,4,16,3363.0,0.0,base,1
base_h1,2,4,16,3436.0,-23.0,base,1
base_h1,2,4,19,3379.0,-11.0,base,1
base_h1,2,4,32,2880.0,0.0,base,1
base_h1,2,4,33,2577.0,-37.0,base,1
base_h1,2,4,33,3283.0,31.0,base,1
base_h1,2,4,35,3189.0,0.0,base,1
base_h1,2,4,44,3209.0,47.0,base,1
base_h1,2,4,44,3329.0,0.0,base,1
base_h1,2,4,44,3329.0,47.0,base,1
base_h1,2,4,49,3331.0,-41.0,base,1
base_h1,2,4,49,3383.0,0.0,base,1
base_h1,2,4,53,3266.0,0.0,base,1
base_h1,2,4,57,3340.0,0.0,base,1
base_h1,2,4,57,3340.0,39.0,base,1
base_h1,3,0,4,2128.0,30.0,base,1
base_h1,3,0,8,2092.0,17.0,base,1
base_h1,3,0,8,2129.0,27.0,base,1
base_h1,3,0,8,2185.0,0.0,base,1
base_h1,3,0,10,2159.0,4.0,base,1
base_h1,3,0,10,2176.0,0.0,base,1
base_h1,3,0,10,2274.0,-17.0,base,1
base_h1,3,0,14,2194.0,38.0,base,1
base_h1,3,0,16,2232.0,0.0,base,1
base_h1,3,0,16,2349.0,0.0,base,1
base_h1,3,0,16,2352.0,21.0,base,1
base_h1,3,0,16,2404.0,-2.0,base,1
base_h1,3,0,19,2286.0,24.0,base,1
base_h1,3,0,23,2118.0,24.0,base,1
base_h1,3,0,24,2145.0,0.0,base,1
base_h1,3,0,32,2202.0,36.0,base,1
base_h1,3,0,32,2286.0,41.0,base,1
base_h1,3,0,33,2572.0,-20.0,base,1
base_h1,3,0,35,2212.0,22.0,base,1
base_h1,3,0,36,2304.0,0.0,base,1
base_h1,3,0,44,2320.0,-7.0,base,1
base_h1,3,0,44,2357.0,15.0,base,1
base_h1,3,0,49,2232.0,-55.0,base,1
base_h1,3,0,49,2232.0,-6.0,base,1
base_h1,3,0,49,2258.0,0.0,base,1
base_h1,3,0,49,2258.0,50.0,base,1
base_h1,3,0,52,2158.0,24.0,base,1
base_h1,3,0,52,2280.0,0.0,base,1
base_h1,3,0,57,2229.0,28.0,base,1
base_h1,3,0,57,2516.0,-22.0,base,1
base_h1,3,0,57,2516.0,21.0,base,1
base_h1,3,0,58,2256.0,-18.0,base,1
base_h1,3,1,4,2447.0,0.0,base,1
base_h1,3,1,8,2410.0,-12.0,base,1
base_h1,3,1,8,2450.0,10.0,base,1
base_h1,3,1,10,2304.0,0.0,base,1
base_h1,3,1,10,2304.0,7.0,base,1
base_h1,3,1,10,2354.0,2.0,base,1
base_h1,3,1,16,2526.0,-10.0,base,1
base_h1,3,1,16,2600.0,0.0,base,1
base_h1,3,1,16,2600.0,32.0,base,1
base_h1,3,1,19,2398.0,-26.0,base,1
base_h1,3,1,19,2398.0,35.0,base,1
base_h1,3,1,19,2494.0,0.0,base,1
base_h1,3,1,22,2261.0,0.0,base,1
base_h1,3,1,24,2305.0,-3.0,base,1
base_h1,3,1,32,2374.0,-3.0,base,1
base_h1,3,1,32,2374.0,48.0,base,1
base_h1,3,1,33,2856.0,0.0,base,1
base_h1,3,1,35,2470.0,-23.0,base,1
base_h1,3,1,36,2568.0,24.0,base,1
base_h1,3,1,44,2423.0,18.0,base,1
base_h1,3,1,44,2560.0,48.0,base,1
base_h1,3,1,49,2372.0,0.0,base,1
base_h1,3,1,49,2470.0,0.0,base,1
base_h1,3,1,51,2543.0,0.0,base,1
base_h1,3,1,57,2286.0,66.0,base,1
base_h1,3,1,57,2572.0,28.0,base,1
base_h1,3,2,10,2427.0,0.0,base,1
base_h1,3,2,10,2432.0,15.0,base,1
base_h1,3,2,10,2470.0,0.0,base,1
base_h1,3,2,14,2446.0,48.0,base,1
base_h1,3,2,16,2790.0,60.0,base,1
base_h1,3,2,16,2790.0,66.0,base,1
base_h1,3,2,16,2929.0,-45.0,base,1
base_h1,3,2,19,2549.0,24.0,base,1
base_h1,3,2,19,2549.0,47.0,base,1
base_h1,3,2,19,2672.0,-48.0,base,1
base_h1,3,2,19,2778.0,0.0,base,1
base_h1,3,2,23,2354.0,0.0,base,1
base_h1,3,2,32,2446.0,19.0,base,1
base_h1,3,2,32,2540.0,0.0,base,1
base_h1,3,2,32,2540.0,28.0,base,1
base_h1,3,2,44,2656.0,0.0,base,1
base_h1,3,2,44,2728.0,-10.0,base,1
base_h1,3,2,44,2884.0,0.0,base,1
base_h1,3,2,49,2558.0,0.0,base,1
base_h1,3,2,58,2802.0,0.0,base,1
base_h1,3,3,8,2298.0,12.0,base,1
base_h1,3,3,8,2684.0,34.0,base,1
base_h1,3,3,8,2684.0,51.0,base,1
base_h1,3,3,10,2716.0,-25.0,base,1
base_h1,3,3,10,2778.0,-26.0,base,1
base_h1,3,3,16,3000.0,0.0,base,1
base_h1,3,3,16,3097.0,-45.0,base,1
base_h1,3,3,16,3097.0,-7.0,base,1
base_h1,3,3,19,3052.0,-45.0,base,1
base_h1,3,3,19,3052.0,15.0,base,1
base_h1,3,3,19,3100.0,-10.0,base,1
base_h1,3,3,22,2495.0,22.0,base,1
base_h1,3,3,32,2572.0,0.0,base,1
base_h1,3,3,32,2791.0,0.0,base,1
base_h1,3,3,33,2471.0,47.0,base,1
base_h1,3,3,35,2714.0,0.0,base,1
base_h1,3,3,43,2904.0,0.0,base,1
base_h1,3,3,44,3088.0,-44.0,base,1
base_h1,3,3,49,3127.0,0.0,base,1
base_h1,3,3,58,2689.0,29.0,base,1
base_h1,3,4,8,2417.0,0.0,base,1
base_h1,3,4,8,2925.0,-69.0,base,1
base_h1,3,4,8,2925.0,9.0,base,1
base_h1,3,4,10,2800.0,0.0,base,1
base_h1,3,4,10,2802.0,10.0,base,1
base_h1,3,4,10,2881.0,3.0,base,1
base_h1,3,4,16,3218.0,17.0,base,1
base_h1,3,4,16,3314.0,0.0,base,1
base_h1,3,4,16,3363.0,0.0,base,1
base_h1,3,4,16,3436.0,-23.0,base,1
base_h1,3,4,19,3271.0,19.0,base,1
base_h1,3,4,19,3379.0,-11.0,base,1
base_h1,3,4,19,3439.0,0.0,base,1
base_h1,3,4,33,2577.0,-37.0,base,1
base_h1,3,4,33,3283.0,0.0,base,1
base_h1,3,4,35,3189.0,0.0,base,1
base_h1,3,4,44,3209.0,47.0,base,1
base_h1,3,4,49,3331.0,-41.0,base,1
base_h1,3,4,49,3383.0,53.0,base,1
base_h1,3,4,52,3340.0,15.0,base,1
base_h1,3,4,57,3340.0,-33.0,base,1
base_h1,3,4,57,3340.0,0.0,base,1
base_h1,3,4,57,3340.0,39.0,base,1
base_h1,4,0,4,2128.0,30.0,base,1
base_h1,4,0,4,2232.0,-7.0,base,1
base_h1,4,0,8,2129.0,-16.0,base,1
base_h1,4,0,8,2129.0,27.0,base,1
base_h1,4,0,8,2185.0,0.0,base,1
base_h1,4,0,10,2159.0,0.0,base,1
base_h1,4,0,10,2176.0,0.0,base,1
base_h1,4,0,10,2274.0,-17.0,base,1
base_h1,4,0,14,2194.0,38.0,base,1
base_h1,4,0,16,2232.0,0.0,base,1
base_h1,4,0,16,2349.0,0.0,base,1
base_h1,4,0,16,2352.0,21.0,base,1
base_h1,4,0,16,2404.0,-2.0,base,1
base_h1,4,0,19,2286.0,24.0,base,1
base_h1,4,0,22,2182.0,-2.0,base,1
base_h1,4,0,23,2118.0,24.0,base,1
base_h1,4,0,24,2133.0,0.0,base,1
base_h1,4,0,32,2202.0,36.0,base,1
base_h1,4,0,32,2286.0,-22.0,base,1
base_h1,4,0,32,2286.0,41.0,base,1
base_h1,4,0,33,2202.0,0.0,base,1
base_h1,4,0,33,2572.0,-20.0,base,1
base_h1,4,0,35,2212.0,-30.0,base,1
base_h1,4,0,35,2212.0,22.0,base,1
base_h1,4,0,44,2320.0,-7.0,base,1
base_h1,4,0,44,2357.0,15.0,base,1
base_h1,4,0,49,2232.0,-55.0,base,1
base_h1,4,0,49,2232.0,-6.0,base,1
base_h1,4,0,49,2258.0,0.0,base,1
base_h1,4,0,49,2258.0,50.0,base,1
base_h1,4,0,52,2158.0,24.0,base,1
base_h1,4,0,52,2280.0,0.0,base,1
base_h1,4,0,57,2229.0,28.0,base,1
base_h1,4,0,57,2516.0,-22.0,base,1
base_h1,4,0,57,2516.0,21.0,base,1
base_h1,4,0,58,2256.0,-18.0,base,1
base_h1,4,1,4,2447.0,0.0,base,1
base_h1,4,1,8,2410.0,-12.0,base,1
base_h1,4,1,10,2264.0,0.0,base,1
base_h1,4,1,10,2280.0,0.0,base,1
base_h1,4,1,10,2280.0,8.0,base,1
base_h1,4,1,10,2304.0,7.0,base,1
base_h1,4,1,10,2354.0,0.0,base,1
base_h1,4,1,16,2526.0,-10.0,base,1
base_h1,4,1,16,2600.0,0.0,base,1
base_h1,4,1,16,2600.0,46.0,base,1
base_h1,4,1,19,2398.0,-26.0,base,1
base_h1,4,1,19,2398.0,35.0,base,1
base_h1,4,1,19,2494.0,0.0,base,1
base_h1,4,1,22,2261.0,0.0,base,1
base_h1,4,1,24,2305.0,-3.0,base,1
base_h1,4,1,32,2374.0,-3.0,base,1
base_h1,4,1,32,2374.0,48.0,base,1
base_h1,4,1,32,2503.0,0.0,base,1
base_h1,4,1,33,2856.0,0.0,base,1
base_h1,4,1,35,2470.0,-23.0,base,1
base_h1,4,1,36,2568.0,24.0,base,1
base_h1,4,1,44,2491.0,-26.0,base,1
base_h1,4,1,44,2560.0,-12.0,base,1
base_h1,4,1,44,2560.0,48.0,base,1
base_h1,4,1,49,2372.0,0.0,base,1
base_h1,4,1,49,2470.0,0.0,base,1
base_h1,4,1,57,2286.0,66.0,base,1
base_h1,4,1,57,2645.0,0.0,base,1
base_h1,4,2,8,2524.0,0.0,base,1
base_h1,4,2,10,2427.0,0.0,base,1
base_h1,4,2,10,2432.0,15.0,base,1
base_h1,4,2,10,2470.0,0.0,base,1
base_h1,4,2,14,2446.0,72.0,base,1
base_h1,4,2,16,2790.0,60.0,base,1
base_h1,4,2,16,2790.0,66.0,base,1
base_h1,4,2,16,2929.0,-49.0,base,1
base_h1,4,2,19,2549.0,24.0,base,1
base_h1,4,2,22,2424.0,-6.0,base,1
base_h1,4,2,23,2354.0,0.0,base,1
base_h1,4,2,24,2380.0,15.0,base,1
base_h1,4,2,32,2446.0,19.0,base,1
base_h1,4,2,32,2540.0,0.0,base,1
base_h1,4,2,32,2540.0,28.0,base,1
base_h1,4,2,33,2887.0,0.0,base,1
base_h1,4,2,44,2656.0,0.0,base,1
base_h1,4,2,44,2728.0,-10.0,base,1
base_h1,4,2,44,2728.0,72.0,base,1
base_h1,4,2,44,2884.0,0.0,base,1
base_h1,4,2,49,2558.0,-40.0,base,1
base_h1,4,2,49,2596.0,4.0,base,1
base_h1,4,2,58,2384.0,62.0,base,1
base_h1,4,3,8,2298.0,0.0,base,1
base_h1,4,3,8,2684.0,0.0,base,1
base_h1,4,3,8,2684.0,51.0,base,1
base_h1,4,3,10,2716.0,-27.0,base,1
base_h1,4,3,10,2716.0,12.0,base,1
base_h1,4,3,16,3000.0,-6.0,base,1
base_h1,4,3,16,3000.0,29.0,base,1
base_h1,4,3,16,3097.0,-45.0,base,1
base_h1,4,3,16,3097.0,-31.0,base,1
base_h1,4,3,22,2495.0,22.0,base,1
base_h1,4,3,23,2385.0,37.0,base,1
base_h1,4,3,24,2497.0,-34.0,base,1
base_h1,4,3,32,2572.0,0.0,base,1
base_h1,4,3,32,2572.0,24.0,base,1
base_h1,4,3,35,2714.0,-71.0,base,1
base_h1,4,3,49,2933.0,0.0,base,1
base_h1,4,3,52,2862.0,-5.0,base,1
base_h1,4,3,58,3067.0,-11.0,base,1
base_h1,4,4,8,2925.0,-69.0,base,1
base_h1,4,4,8,2925.0,0.0,base,1
base_h1,4,4,10,2800.0,0.0,base,1
base_h1,4,4,10,2802.0,10.0,base,1
base_h1,4,4,10,2881.0,0.0,base,1
base_h1,4,4,14,2862.0,14.0,base,1
base_h1,4,4,16,3218.0,17.0,base,1
base_h1,4,4,16,3386.0,-7.0,base,1
base_h1,4,4,16,3436.0,-23.0,base,1
base_h1,4,4,19,3379.0,-11.0,base,1
base_h1,4,4,19,3484.0,-8.0,base,1
base_h1,4,4,35,3189.0,0.0,base,1
base_h1,4,4,44,3209.0,47.0,base,1
base_h1,4,4,44,3329.0,47.0,base,1
base_h1,4,4,49,3331.0,-41.0,base,1
base_h1,4,4,49,3331.0,25.0,base,1
base_h1,4,4,57,3340.0,0.0,base,1
base_h1,4,4,57,3340.0,39.0,base,1
base_h1,4,4,58,3235.0,0.0,base,1
base_h2,0,0,4,2128.0,30.0,base,2
base_h2,0,0,8,2092.0,17.0,base,2
base_h2,0,0,10,2159.0,-1.0,base,2
base_h2,0,0,10,2159.0,4.0,base,2
base_h2,0,0,10,2176.0,0.0,base,2
base_h2,0,0,10,2273.0,-16.0,base,2
base_h2,0,0,16,2232.0,0.0,base,2
base_h2,0,0,16,2254.0,24.0,base,2
base_h2,0,0,16,2352.0,0.0,base,2
base_h2,0,0,16,2352.0,21.0,base,2
base_h2,0,0,16,2404.0,-9.0,base,2
base_h2,0,0,16,2404.0,16.0,base,2
base_h2,0,0,19,2155.0,-23.0,base,2
base_h2,0,0,19,2264.0,-8.0,base,2
base_h2,0,0,19,2286.0,24.0,base,2
base_h2,0,0,23,2114.0,15.0,base,2
base_h2,0,0,23,2114.0,39.0,base,2
base_h2,0,0,24,2133.0,0.0,base,2
base_h2,0,0,32,2202.0,30.0,base,2
base_h2,0,0,33,2134.0,24.0,base,2
base_h2,0,0,35,2212.0,22.0,base,2
base_h2,0,0,44,2274.0,-18.0,base,2
base_h2,0,0,44,2320.0,-7.0,base,2
base_h2,0,0,44,2392.0,-24.0,base,2
base_h2,0,0,49,2232.0,-6.0,base,2
base_h2,0,0,49,2238.0,0.0,base,2
base_h2,0,0,51,2543.0,-49.0,base,2
base_h2,0,0,52,2158.0,24.0,base,2
base_h2,0,0,52,2280.0,0.0,base,2
base_h2,0,0,53,2307.0,-21.0,base,2
base_h2,0,0,57,2229.0,-47.0,base,2
base_h2,0,0,57,2229.0,28.0,base,2
base_h2,0,0,57,2516.0,0.0,base,2
base_h2,0,0,58,2183.0,50.0,base,2
base_h2,0,1,8,2417.0,-32.0,base,2
base_h2,0,1,8,2417.0,0.0,base,2
base_h2,0,1,8,2450.0,10.0,base,2
base_h2,0,1,10,2304.0,-8.0,base,2
base_h2,0,1,10,2354.0,24.0,base,2
base_h2,0,1,16,2526.0,-10.0,base,2
base_h2,0,1,16,2600.0,0.0,base,2
base_h2,0,1,19,2360.0,0.0,base,2
base_h2,0,1,19,2398.0,35.0,base,2
base_h2,0,1,19,2540.0,-70.0,base,2
base_h2,0,1,19,2540.0,9.0,base,2
base_h2,0,1,22,2262.0,0.0,base,2
base_h2,0,1,24,2305.0,-3.0,base,2
base_h2,0,1,32,2374.0,11.0,base,2
base_h2,0,1,33,2856.0,0.0,base,2
base_h2,0,1,43,2544.0,-24.0,base,2
base_h2,0,1,44,2423.0,0.0,base,2
base_h2,0,1,44,2560.0,-14.0,base,2
base_h2,0,1,49,2372.0,-25.0,base,2
base_h2,0,1,53,2556.0,0.0,base,2
base_h2,0,1,57,2537.0,0.0,base,2
base_h2,0,1,57,2582.0,-16.0,base,2
base_h2,0,2,4,2522.0,0.0,base,2
base_h2,0,2,8,2501.0,0.0,base,2
base_h2,0,2,8,2501.0,39.0,base,2
base_h2,0,2,10,2392.0,-24.0,base,2
base_h2,0,2,10,2427.0,0.0,base,2
base_h2,0,2,10,2432.0,15.0,base,2
base_h2,0,2,10,2470.0,0.0,base,2
base_h2,0,2,10,2540.0,0.0,base,2
base_h2,0,2,14,2422.0,24.0,base,2
base_h2,0,2,16,2684.0,44.0,base,2
base_h2,0,2,16,2929.0,-69.0,base,2
base_h2,0,2,16,2929.0,0.0,base,2
base_h2,0,2,19,2672.0,-48.0,base,2
base_h2,0,2,33,2403.0,19.0,base,2
base_h2,0,2,49,2645.0,0.0,base,2
base_h2,0,2,51,2596.0,52.0,base,2
base_h2,0,2,52,2720.0,0.0,base,2
base_h2,0,2,53,2778.0,0.0,base,2
base_h2,0,3,7,2443.0,1.0,base,2
base_h2,0,3,8,2684.0,0.0,base,2
base_h2,0,3,10,2645.0,-1.0,base,2
base_h2,0,3,10,2716.0,-27.0,base,2
base_h2,0,3,10,2716.0,12.0,base,2
base_h2,0,3,14,2548.0,24.0,base,2
base_h2,0,3,16,3000.0,-6.0,base,2
base_h2,0,3,16,3097.0,-45.0,base,2
base_h2,0,3,16,3160.0,-23.0,base,2
base_h2,0,3,16,3240.0,0.0,base,2
base_h2,0,3,19,3403.0,0.0,base,2
base_h2,0,3,22,2645.0,-49.0,base,2
base_h2,0,3,32,2568.0,0.0,base,2
base_h2,0,3,35,2683.0,0.0,base,2
base_h2,0,3,44,2871.0,62.0,base,2
base_h2,0,3,49,2933.0,0.0,base,2
base_h2,0,3,52,2862.0,-5.0,base,2
base_h2,0,3,52,2862.0,26.0,base,2
base_h2,0,3,58,3067.0,-11.0,base,2
base_h2,0,4,7,2540.0,31.0,base,2
base_h2,0,4,8,2925.0,9.0,base,2
base_h2,0,4,10,2802.0,-2.0,base,2
base_h2,0,4,10,2881.0,3.0,base,2
base_h2,0,4,10,2934.0,23.0,base,2
base_h2,0,4,14,2857.0,5.0,base,2
base_h2,0,4,16,3218.0,17.0,base,2
base_h2,0,4,16,3363.0,-7.0,base,2
base_h2,0,4,19,3266.0,0.0,base,2
base_h2,0,4,19,3379.0,-11.0,base,2
base_h2,0,4,19,3379.0,11.0,base,2
base_h2,0,4,32,3024.0,50.0,base,2
base_h2,0,4,33,2572.0,0.0,base,2
base_h2,0,4,33,3259.0,0.0,base,2
base_h2,0,4,44,3209.0,47.0,base,2
base_h2,0,4,44,3329.0,-48.0,base,2
base_h2,0,4,49,3331.0,-17.0,base,2
base_h2,0,4,49,3383.0,0.0,base,2
base_h2,0,4,51,3284.0,-18.0,base,2
base_h2,0,4,52,3340.0,-32.0,base,2
base_h2,1,0,4,2128.0,30.0,base,2
base_h2,1,0,4,2210.0,0.0,base,2
base_h2,1,0,7,2169.0,12.0,base,2
base_h2,1,0,8,2092.0,17.0,base,2
base_h2,1,0,8,2129.0,0.0,base,2
base_h2,1,0,10,2159.0,-1.0,base,2
base_h2,1,0,10,2159.0,5.0,base,2
base_h2,1,0,16,2352.0,0.0,base,2
base_h2,1,0,16,2352.0,21.0,base,2
base_h2,1,0,16,2404.0,-9.0,base,2
base_h2,1,0,16,2404.0,16.0,base,2
base_h2,1,0,19,2286.0,24.0,base,2
base_h2,1,0,23,2114.0,15.0,base,2
base_h2,1,0,24,2145.0,0.0,base,2
base_h2,1,0,32,2202.0,0.0,base,2
base_h2,1,0,33,2202.0,0.0,base,2
base_h2,1,0,33,2310.0,-5.0,base,2
base_h2,1,0,44,2274.0,-12.0,base,2
base_h2,1,0,44,2392.0,-12.0,base,2
base_h2,1,0,49,2232.0,-6.0,base,2
base_h2,1,0,49,2280.0,-18.0,base,2
base_h2,1,0,51,2232.0,31.0,base,2
base_h2,1,0,52,2158.0,24.0,base,2
base_h2,1,0,57,2229.0,-47.0,base,2
base_h2,1,0,57,2229.0,28.0,base,2
base_h2,1,1,8,2417.0,-32.0,base,2
base_h2,1,1,8,2450.0,10.0,base,2
base_h2,1,1,10,2304.0,-8.0,base,2
base_h2,1,1,10,2354.0,24.0,base,2
base_h2,1,1,16,2526.0,-10.0,base,2
base_h2,1,1,16,2526.0,0.0,base,2
base_h2,1,1,16,2600.0,0.0,base,2
base_h2,1,1,19,2360.0,0.0,base,2
base_h2,1,1,19,2398.0,35.0,base,2
base_h2,1,1,19,2540.0,-70.0,base,2
base_h2,1,1,19,2540.0,9.0,base,2
base_h2,1,1,22,2280.0,24.0,base,2
base_h2,1,1,24,2305.0,-3.0,base,2
base_h2,1,1,32,2374.0,45.0,base,2
base_h2,1,1,33,2856.0,0.0,base,2
base_h2,1,1,44,2417.0,0.0,base,2
base_h2,1,1,44,2423.0,18.0,base,2
base_h2,1,1,44,2560.0,-14.0,base,2
base_h2,1,1,49,2372.0,-25.0,base,2
base_h2,1,1,53,2556.0,0.0,base,2
base_h2,1,1,58,2560.0,-18.0,base,2
base_h2,1,2,4,2522.0,0.0,base,2
base_h2,1,2,8,2501.0,23.0,base,2
base_h2,1,2,10,2432.0,19.0,base,2
base_h2,1,2,10,2540.0,0.0,base,2
base_h2,1,2,16,2929.0,-53.0,base,2
base_h2,1,2,16,2929.0,0.0,base,2
base_h2,1,2,19,2672.0,-48.0,base,2
base_h2,1,2,22,2424.0,23.0,base,2
base_h2,1,2,23,2262.0,43.0,base,2
base_h2,1,2,32,2503.0,0.0,base,2
base_h2,1,2,32,2503.0,35.0,base,2
base_h2,1,2,33,2403.0,19.0,base,2
base_h2,1,2,33,2876.0,0.0,base,2
base_h2,1,2,33,2876.0,11.0,base,2
base_h2,1,2,44,2728.0,72.0,base,2
base_h2,1,2,52,2519.0,33.0,base,2
base_h2,1,2,52,2720.0,0.0,base,2
base_h2,1,2,58,2384.0,62.0,base,2
base_h2,1,3,8,2298.0,0.0,base,2
base_h2,1,3,8,2684.0,0.0,base,2
base_h2,1,3,10,2573.0,35.0,base,2
base_h2,1,3,10,2716.0,-25.0,base,2
base_h2,1,3,10,2716.0,49.0,base,2
base_h2,1,3,14,2548.0,24.0,base,2
base_h2,1,3,16,3000.0,-6.0,base,2
base_h2,1,3,16,3000.0,29.0,base,2
base_h2,1,3,19,3052.0,-45.0,base,2
base_h2,1,3,19,3212.0,30.0,base,2
base_h2,1,3,32,2568.0,0.0,base,2
base_h2,1,3,33,3053.0,23.0,base,2
base_h2,1,3,35,2683.0,0.0,base,2
base_h2,1,3,44,3088.0,-22.0,base,2
base_h2,1,3,49,2933.0,0.0,base,2
base_h2,1,3,58,2852.0,0.0,base,2
base_h2,1,3,58,3028.0,0.0,base,2
base_h2,1,4,7,2540.0,31.0,base,2
base_h2,1,4,8,2925.0,9.0,base,2
base_h2,1,4,10,2934.0,0.0,base,2
base_h2,1,4,14,2857.0,5.0,base,2
base_h2,1,4,16,3363.0,-7.0,base,2
base_h2,1,4,19,3266.0,0.0,base,2
base_h2,1,4,19,3271.0,19.0,base,2
base_h2,1,4,19,3439.0,12.0,base,2
base_h2,1,4,32,3024.0,50.0,base,2
base_h2,1,4,33,2572.0,0.0,base,2
base_h2,1,4,33,3259.0,0.0,base,2
base_h2,1,4,44,3209.0,47.0,base,2
base_h2,1,4,44,3329.0,-48.0,base,2
base_h2,1,4,44,3329.0,60.0,base,2
base_h2,1,4,49,3331.0,-17.0,base,2
base_h2,1,4,49,3331.0,25.0,base,2
base_h2,1,4,51,3284.0,-18.0,base,2
base_h2,1,4,52,3340.0,-32.0,base,2
base_h2,2,0,4,2128.0,30.0,base,2
base_h2,2,0,8,2092.0,17.0,base,2
base_h2,2,0,8,2185.0,0.0,base,2
base_h2,2,0,10,2159.0,-1.0,base,2
base_h2,2,0,10,2159.0,4.0,base,2
base_h2,2,0,10,2176.0,0.0,base,2
base_h2,2,0,10,2273.0,-16.0,base,2
base_h2,2,0,14,2194.0,38.0,base,2
base_h2,2,0,16,2232.0,0.0,base,2
base_h2,2,0,16,2349.0,0.0,base,2
base_h2,2,0,16,2352.0,21.0,base,2
base_h2,2,0,16,2404.0,-9.0,base,2
base_h2,2,0,19,2155.0,-23.0,base,2
base_h2,2,0,19,2264.0,-8.0,base,2
base_h2,2,0,19,2286.0,24.0,base,2
base_h2,2,0,22,2182.0,-2.0,base,2
base_h2,2,0,23,2114.0,15.0,base,2
base_h2,2,0,23,2114.0,39.0,base,2
base_h2,2,0,24,2133.0,0.0,base,2
base_h2,2,0,32,2202.0,30.0,base,2
base_h2,2,0,33,2134.0,24.0,base,2
base_h2,2,0,35,2212.0,22.0,base,2
base_h2,2,0,44,2274.0,-18.0,base,2
base_h2,2,0,44,2320.0,-7.0,base,2
base_h2,2,0,44,2392.0,-12.0,base,2
base_h2,2,0,49,2232.0,-6.0,base,2
base_h2,2,0,49,2280.0,-18.0,base,2
base_h2,2,0,51,2543.0,-49.0,base,2
base_h2,2,0,52,2158.0,24.0,base,2
base_h2,2,0,57,2229.0,-47.0,base,2
base_h2,2,0,57,2229.0,28.0,base,2
base_h2,2,0,57,2516.0,0.0,base,2
base_h2,2,0,58,2183.0,50.0,base,2
base_h2,2,1,8,2417.0,-32.0,base,2
base_h2,2,1,8,2450.0,4.0,base,2
base_h2,2,1,10,2304.0,-8.0,base,2
base_h2,2,1,10,2354.0,24.0,base,2
base_h2,2,1,16,2526.0,-10.0,base,2
base_h2,2,1,16,2600.0,35.0,base,2
base_h2,2,1,19,2360.0,0.0,base,2
base_h2,2,1,19,2398.0,35.0,base,2
base_h2,2,1,19,2540.0,-70.0,base,2
base_h2,2,1,19,2540.0,9.0,base,2
base_h2,2,1,22,2262.0,0.0,base,2
base_h2,2,1,22,2280.0,0.0,base,2
base_h2,2,1,24,2305.0,-3.0,base,2
base_h2,2,1,32,2374.0,0.0,base,2
base_h2,2,1,33,2856.0,0.0,base,2
base_h2,2,1,35,2494.0,0.0,base,2
base_h2,2,1,44,2423.0,18.0,base,2
base_h2,2,1,44,2560.0,-14.0,base,2
base_h2,2,1,49,2372.0,-18.0,base,2
base_h2,2,1,53,2556.0,0.0,base,2
base_h2,2,2,4,2522.0,21.0,base,2
base_h2,2,2,8,2501.0,0.0,base,2
base_h2,2,2,8,2501.0,39.0,base,2
base_h2,2,2,10,2392.0,-24.0,base,2
base_h2,2,2,10,2427.0,0.0,base,2
base_h2,2,2,10,2470.0,0.0,base,2
base_h2,2,2,14,2422.0,24.0,base,2
base_h2,2,2,16,2790.0,60.0,base,2
base_h2,2,2,16,2790.0,66.0,base,2
base_h2,2,2,16,2929.0,0.0,base,2
base_h2,2,2,19,2672.0,47.0,base,2
base_h2,2,2,24,2380.0,-8.0,base,2
base_h2,2,2,32,2446.0,19.0,base,2
base_h2,2,2,32,2503.0,45.0,base,2
base_h2,2,2,33,2403.0,19.0,base,2
base_h2,2,2,35,2549.0,51.0,base,2
base_h2,2,2,44,2728.0,32.0,base,2
base_h2,2,2,44,2881.0,-56.0,base,2
base_h2,2,2,49,2645.0,0.0,base,2
base_h2,2,2,51,2596.0,52.0,base,2
base_h2,2,2,53,2778.0,0.0,base,2
base_h2,2,2,57,2645.0,-45.0,base,2
base_h2,2,2,57,2645.0,38.0,base,2
base_h2,2,2,58,2384.0,62.0,base,2
base_h2,2,3,7,2443.0,0.0,base,2
base_h2,2,3,8,2684.0,0.0,base,2
base_h2,2,3,10,2645.0,-1.0,base,2
base_h2,2,3,10,2716.0,-27.0,base,2
base_h2,2,3,10,2716.0,12.0,base,2
base_h2,2,3,14,2548.0,24.0,base,2
base_h2,2,3,16,3000.0,-6.0,base,2
base_h2,2,3,16,3000.0,29.0,base,2
base_h2,2,3,16,3097.0,-45.0,base,2
base_h2,2,3,16,3097.0,-7.0,base,2
base_h2,2,3,19,3212.0,-35.0,base,2
base_h2,2,3,19,3403.0,0.0,base,2
base_h2,2,3,22,2645.0,-49.0,base,2
base_h2,2,3,32,2568.0,0.0,base,2
base_h2,2,3,32,2568.0,28.0,base,2
base_h2,2,3,35,2683.0,0.0,base,2
base_h2,2,3,44,2871.0,0.0,base,2
base_h2,2,3,44,2871.0,62.0,base,2
base_h2,2,3,49,2933.0,0.0,base,2
base_h2,2,3,52,2862.0,-5.0,base,2
base_h2,2,3,58,3067.0,-11.0,base,2
base_h2,2,4,4,2871.0,0.0,base,2
base_h2,2,4,7,2540.0,31.0,base,2
base_h2,2,4,8,2925.0,9.0,base,2
base_h2,2,4,10,2934.0,0.0,base,2
base_h2,2,4,14,2857.0,5.0,base,2
base_h2,2,4,16,3218.0,17.0,base,2
base_h2,2,4,16,3363.0,-7.0,base,2
base_h2,2,4,16,3386.0,0.0,base,2
base_h2,2,4,19,3379.0,-11.0,base,2
base_h2,2,4,19,3439.0,21.0,base,2
base_h2,2,4,32,3024.0,4.0,base,2
base_h2,2,4,33,2572.0,0.0,base,2
base_h2,2,4,33,3259.0,0.0,base,2
base_h2,2,4,44,3209.0,47.0,base,2
base_h2,2,4,44,3329.0,-48.0,base,2
base_h2,2,4,44,3329.0,-24.0,base,2
base_h2,2,4,49,3331.0,-17.0,base,2
base_h2,2,4,49,3331.0,0.0,base,2
base_h2,2,4,49,3383.0,0.0,base,2
base_h2,2,4,51,3284.0,-18.0,base,2
base_h2,2,4,52,3340.0,-32.0,base,2
base_h2,3,0,4,2128.0,30.0,base,2
base_h2,3,0,8,2092.0,17.0,base,2
base_h2,3,0,8,2185.0,-23.0,base,2
base_h2,3,0,10,2159.0,-1.0,base,2
base_h2,3,0,10,2159.0,4.0,base,2
base_h2,3,0,10,2273.0,-16.0,base,2
base_h2,3,0,16,2352.0,0.0,base,2
base_h2,3,0,16,2352.0,21.0,base,2
base_h2,3,0,16,2404.0,-9.0,base,2
base_h2,3,0,16,2404.0,16.0,base,2
base_h2,3,0,19,2155.0,-23.0,base,2
base_h2,3,0,19,2264.0,-8.0,base,2
base_h2,3,0,19,2286.0,24.0,base,2
base_h2,3,0,23,2114.0,15.0,base,2
base_h2,3,0,23,2114.0,39.0,base,2
base_h2,3,0,24,2133.0,0.0,base,2
base_h2,3,0,32,2202.0,30.0,base,2
base_h2,3,0,33,2134.0,24.0,base,2
base_h2,3,0,35,2212.0,22.0,base,2
base_h2,3,0,44,2274.0,-18.0,base,2
base_h2,3,0,44,2320.0,-7.0,base,2
base_h2,3,0,44,2392.0,-24.0,base,2
base_h2,3,0,49,2232.0,-6.0,base,2
base_h2,3,0,49,2238.0,0.0,base,2
base_h2,3,0,51,2543.0,-49.0,base,2
base_h2,3,0,52,2158.0,24.0,base,2
base_h2,3,0,57,2229.0,-47.0,base,2
base_h2,3,0,57,2229.0,28.0,base,2
base_h2,3,0,57,2516.0,0.0,base,2
base_h2,3,0,58,2183.0,50.0,base,2
base_h2,3,1,8,2450.0,4.0,base,2
base_h2,3,1,10,2304.0,-8.0,base,2
base_h2,3,1,10,2354.0,24.0,base,2
base_h2,3,1,16,2600.0,-6.0,base,2
base_h2,3,1,19,2360.0,0.0,base,2
base_h2,3,1,22,2262.0,0.0,base,2
base_h2,3,1,24,2305.0,-3.0,base,2
base_h2,3,1,32,2374.0,11.0,base,2
base_h2,3,1,33,2856.0,0.0,base,2
base_h2,3,1,43,2544.0,-24.0,base,2
base_h2,3,1,44,2423.0,0.0,base,2
base_h2,3,1,44,2560.0,-14.0,base,2
base_h2,3,1,49,2372.0,-18.0,base,2
base_h2,3,1,57,2537.0,0.0,base,2
base_h2,3,1,57,2582.0,-16.0,base,2
base_h2,3,2,4,2522.0,0.0,base,2
base_h2,3,2,8,2501.0,0.0,base,2
base_h2,3,2,10,2392.0,0.0,base,2
base_h2,3,2,10,2427.0,-5.0,base,2
base_h2,3,2,10,2432.0,10.0,base,2
base_h2,3,2,10,2470.0,0.0,base,2
base_h2,3,2,16,2790.0,60.0,base,2
base_h2,3,2,16,2790.0,66.0,base,2
base_h2,3,2,16,2929.0,-53.0,base,2
base_h2,3,2,16,2929.0,0.0,base,2
base_h2,3,2,19,2672.0,-48.0,base,2
base_h2,3,2,19,2856.0,0.0,base,2
base_h2,3,2,22,2424.0,23.0,base,2
base_h2,3,2,23,2262.0,18.0,base,2
base_h2,3,2,24,2380.0,-8.0,base,2
base_h2,3,2,32,2503.0,45.0,base,2
base_h2,3,2,33,2876.0,0.0,base,2
base_h2,3,2,33,2876.0,57.0,base,2
base_h2,3,2,44,2536.0,72.0,base,2
base_h2,3,2,44,2704.0,0.0,base,2
base_h2,3,2,44,2728.0,0.0,base,2
base_h2,3,2,44,2881.0,-56.0,base,2
base_h2,3,2,49,2558.0,18.0,base,2
base_h2,3,2,51,2596.0,0.0,base,2
base_h2,3,2,53,2778.0,-55.0,base,2
base_h2,3,2,57,2645.0,-45.0,base,2
base_h2,3,2,57,2645.0,38.0,base,2
base_h2,3,2,58,2384.0,62.0,base,2
base_h2,3,3,7,2443.0,0.0,base,2
base_h2,3,3,8,2298.0,12.0,base,2
base_h2,3,3,10,2716.0,-25.0,base,2
base_h2,3,3,14,2548.0,24.0,base,2
base_h2,3,3,16,3000.0,-6.0,base,2
base_h2,3,3,16,3000.0,17.0,base,2
base_h2,3,3,16,3097.0,-45.0,base,2
base_h2,3,3,22,2645.0,-27.0,base,2
base_h2,3,3,32,2568.0,28.0,base,2
base_h2,3,3,33,3053.0,23.0,base,2
base_h2,3,3,44,3088.0,-60.0,base,2
base_h2,3,3,52,2862.0,26.0,base,2
base_h2,3,3,58,3028.0,0.0,base,2
base_h2,3,4,4,2871.0,0.0,base,2
base_h2,3,4,7,2540.0,31.0,base,2
base_h2,3,4,8,2925.0,9.0,base,2
base_h2,3,4,10,2802.0,-2.0,base,2
base_h2,3,4,10,2881.0,3.0,base,2
base_h2,3,4,14,2857.0,5.0,base,2
base_h2,3,4,16,3218.0,17.0,base,2
base_h2,3,4,16,3363.0,-7.0,base,2
base_h2,3,4,19,3379.0,-11.0,base,2
base_h2,3,4,32,3024.0,50.0,base,2
base_h2,3,4,33,2572.0,0.0,base,2
base_h2,3,4,33,3259.0,0.0,base,2
base_h2,3,4,33,3259.0,55.0,base,2
base_h2,3,4,44,3209.0,47.0,base,2
base_h2,3,4,49,3331.0,-17.0,base,2
base_h2,3,4,49,3383.0,0.0,base,2
base_h2,3,4,51,3284.0,-18.0,base,2
base_h2,3,4,52,3340.0,-32.0,base,2
base_h2,3,4,58,3259.0,0.0,base,2
base_h2,4,0,4,2128.0,30.0,base,2
base_h2,4,0,4,2210.0,0.0,base,2
base_h2,4,0,7,2169.0,12.0,base,2
base_h2,4,0,8,2092.0,17.0,base,2
base_h2,4,0,8,2129.0,0.0,base,2
base_h2,4,0,10,2159.0,-1.0,base,2
base_h2,4,0,10,2176.0,0.0,base,2
base_h2,4,0,10,2273.0,-16.0,base,2
base_h2,4,0,16,2254.0,-6.0,base,2
base_h2,4,0,16,2349.0,0.0,base,2
base_h2,4,0,16,2404.0,-9.0,base,2
base_h2,4,0,16,2404.0,16.0,base,2
base_h2,4,0,19,2155.0,37.0,base,2
base_h2,4,0,19,2264.0,-8.0,base,2
base_h2,4,0,19,2286.0,24.0,base,2
base_h2,4,0,22,2182.0,-2.0,base,2
base_h2,4,0,23,2114.0,15.0,base,2
base_h2,4,0,32,2202.0,48.0,base,2
base_h2,4,0,33,2202.0,0.0,base,2
base_h2,4,0,33,2310.0,-5.0,base,2
base_h2,4,0,35,2212.0,-30.0,base,2
base_h2,4,0,35,2212.0,22.0,base,2
base_h2,4,0,44,2274.0,-12.0,base,2
base_h2,4,0,44,2320.0,-7.0,base,2
base_h2,4,0,44,2392.0,-12.0,base,2
base_h2,4,0,49,2232.0,-6.0,base,2
base_h2,4,0,49,2280.0,-18.0,base,2
base_h2,4,0,51,2543.0,-49.0,base,2
base_h2,4,0,52,2158.0,24.0,base,2
base_h2,4,0,57,2229.0,0.0,base,2
base_h2,4,0,57,2229.0,9.0,base,2
base_h2,4,0,58,2183.0,50.0,base,2
base_h2,4,1,8,2417.0,-32.0,base,2
base_h2,4,1,8,2450.0,10.0,base,2
base_h2,4,1,10,2304.0,-8.0,base,2
base_h2,4,1,10,2354.0,-9.0,base,2
base_h2,4,1,10,2354.0,24.0,base,2
base_h2,4,1,16,2600.0,-6.0,base,2
base_h2,4,1,16,2600.0,35.0,base,2
base_h2,4,1,19,2360.0,0.0,base,2
base_h2,4,1,19,2398.0,35.0,base,2
base_h2,4,1,19,2540.0,-70.0,base,2
base_h2,4,1,19,2540.0,9.0,base,2
base_h2,4,1,22,2262.0,0.0,base,2
base_h2,4,1,24,2305.0,-3.0,base,2
base_h2,4,1,32,2374.0,0.0,base,2
base_h2,4,1,33,2856.0,0.0,base,2
base_h2,4,1,44,2423.0,0.0,base,2
base_h2,4,1,44,2560.0,-14.0,base,2
base_h2,4,1,49,2372.0,-25.0,base,2
base_h2,4,2,4,2522.0,0.0,base,2
base_h2,4,2,8,2501.0,0.0,base,2
base_h2,4,2,8,2501.0,39.0,base,2
base_h2,4,2,10,2392.0,-24.0,base,2
base_h2,4,2,10,2427.0,0.0,base,2
base_h2,4,2,10,2432.0,15.0,base,2
base_h2,4,2,10,2470.0,0.0,base,2
base_h2,4,2,10,2540.0,0.0,base,2
base_h2,4,2,14,2422.0,48.0,base,2
base_h2,4,2,16,2929.0,4.0,base,2
base_h2,4,2,19,2672.0,0.0,base,2
base_h2,4,2,32,2446.0,19.0,base,2
base_h2,4,2,33,2403.0,19.0,base,2
base_h2,4,2,44,2728.0,32.0,base,2
base_h2,4,2,44,2881.0,-56.0,base,2
base_h2,4,2,49,2596.0,4.0,base,2
base_h2,4,2,51,2596.0,52.0,base,2
base_h2,4,2,53,2778.0,0.0,base,2
base_h2,4,2,57,2645.0,0.0,base,2
base_h2,4,2,58,2384.0,62.0,base,2
base_h2,4,3,8,2684.0,34.0,base,2
base_h2,4,3,8,2684.0,51.0,base,2
base_h2,4,3,10,2645.0,-1.0,base,2
base_h2,4,3,10,2716.0,12.0,base,2
base_h2,4,3,16,3000.0,-6.0,base,2
base_h2,4,3,16,3000.0,29.0,base,2
base_h2,4,3,16,3160.0,-23.0,base,2
base_h2,4,3,16,3160.0,0.0,base,2
base_h2,4,3,19,3052.0,-21.0,base,2
base_h2,4,3,19,3403.0,-48.0,base,2
base_h2,4,3,22,2645.0,-49.0,base,2
base_h2,4,3,32,2568.0,0.0,base,2
base_h2,4,3,32,2791.0,0.0,base,2
base_h2,4,3,44,2871.0,24.0,base,2
base_h2,4,3,44,2871.0,62.0,base,2
base_h2,4,3,49,3054.0,0.0,base,2
base_h2,4,3,52,2862.0,-5.0,base,2
base_h2,4,3,58,2852.0,0.0,base,2
base_h2,4,3,58,3067.0,0.0,base,2
base_h2,4,4,4,2871.0,10.0,base,2
base_h2,4,4,7,2540.0,31.0,base,2
base_h2,4,4,8,2925.0,9.0,base,2
base_h2,4,4,10,2881.0,0.0,base,2
base_h2,4,4,10,2934.0,0.0,base,2
base_h2,4,4,16,3363.0,0.0,base,2
base_h2,4,4,19,3266.0,0.0,base,2
base_h2,4,4,19,3271.0,19.0,base,2
base_h2,4,4,32,3024.0,4.0,base,2
base_h2,4,4,33,2572.0,0.0,base,2
base_h2,4,4,33,3259.0,0.0,base,2
base_h2,4,4,44,3209.0,51.0,base,2
base_h2,4,4,49,3331.0,-17.0,base,2
base_h2,4,4,49,3331.0,25.0,base,2
base_h2,4,4,51,3284.0,-18.0,base,2
base_h2,4,4,52,3340.0,-32.0,base,2
base_h3,0,0,4,2210.0,-31.0,base,3
base_h3,0,0,8,2092.0,17.0,base,3
base_h3,0,0,10,2176.0,0.0,base,3
base_h3,0,0,10,2264.0,-27.0,base,3
base_h3,0,0,16,2232.0,0.0,base,3
base_h3,0,0,16,2303.0,-22.0,base,3
base_h3,0,0,16,2349.0,0.0,base,3
base_h3,0,0,16,2352.0,21.0,base,3
base_h3,0,0,19,2155.0,37.0,base,3
base_h3,0,0,19,2238.0,-6.0,base,3
base_h3,0,0,19,2286.0,24.0,base,3
base_h3,0,0,22,2182.0,57.0,base,3
base_h3,0,0,23,2114.0,28.0,base,3
base_h3,0,0,24,2145.0,0.0,base,3
base_h3,0,0,32,2202.0,32.0,base,3
base_h3,0,0,33,2202.0,0.0,base,3
base_h3,0,0,44,2320.0,-7.0,base,3
base_h3,0,0,44,2380.0,-8.0,base,3
base_h3,0,0,58,2183.0,50.0,base,3
base_h3,0,1,8,2185.0,19.0,base,3
base_h3,0,1,10,2280.0,8.0,base,3
base_h3,0,1,10,2304.0,0.0,base,3
base_h3,0,1,10,2304.0,7.0,base,3
base_h3,0,1,10,2394.0,-26.0,base,3
base_h3,0,1,16,2600.0,-28.0,base,3
base_h3,0,1,16,2600.0,0.0,base,3
base_h3,0,1,19,2398.0,-26.0,base,3
base_h3,0,1,19,2398.0,0.0,base,3
base_h3,0,1,22,2261.0,0.0,base,3
base_h3,0,1,23,2208.0,-22.0,base,3
base_h3,0,1,23,2208.0,24.0,base,3
base_h3,0,1,24,2305.0,-3.0,base,3
base_h3,0,1,32,2374.0,-3.0,base,3
base_h3,0,1,32,2374.0,11.0,base,3
base_h3,0,1,44,2491.0,-26.0,base,3
base_h3,0,1,44,2491.0,45.0,base,3
base_h3,0,1,52,2304.0,18.0,base,3
base_h3,0,1,57,2518.0,22.0,base,3
base_h3,0,1,57,2518.0,54.0,base,3
base_h3,0,1,58,2560.0,-18.0,base,3
base_h3,0,2,8,2501.0,39.0,base,3
base_h3,0,2,8,2501.0,72.0,base,3
base_h3,0,2,10,2392.0,0.0,base,3
base_h3,0,2,10,2540.0,-18.0,base,3
base_h3,0,2,16,2646.0,0.0,base,3
base_h3,0,2,16,2790.0,-62.0,base,3
base_h3,0,2,16,2790.0,60.0,base,3
base_h3,0,2,19,2876.0,37.0,base,3
base_h3,0,2,22,2424.0,-55.0,base,3
base_h3,0,2,23,2330.0,-44.0,base,3
base_h3,0,2,32,2446.0,19.0,base,3
base_h3,0,2,32,2503.0,45.0,base,3
base_h3,0,2,33,2860.0,0.0,base,3
base_h3,0,2,44,2704.0,0.0,base,3
base_h3,0,2,44,2728.0,32.0,base,3
base_h3,0,2,49,2558.0,18.0,base,3
base_h3,0,2,51,2596.0,0.0,base,3
base_h3,0,2,52,2540.0,56.0,base,3
base_h3,0,2,53,2556.0,66.0,base,3
base_h3,0,2,57,2645.0,-45.0,base,3
base_h3,0,2,58,2584.0,0.0,base,3
base_h3,0,3,4,2764.0,-69.0,base,3
base_h3,0,3,7,2443.0,0.0,base,3
base_h3,0,3,8,2660.0,0.0,base,3
base_h3,0,3,10,2645.0,-1.0,base,3
base_h3,0,3,10,2716.0,-27.0,base,3
base_h3,0,3,10,2716.0,13.0,base,3
base_h3,0,3,14,2540.0,32.0,base,3
base_h3,0,3,16,3000.0,-6.0,base,3
base_h3,0,3,16,3000.0,29.0,base,3
base_h3,0,3,16,3160.0,-23.0,base,3
base_h3,0,3,19,3052.0,24.0,base,3
base_h3,0,3,19,3224.0,-47.0,base,3
base_h3,0,3,22,2495.0,22.0,base,3
base_h3,0,3,23,2354.0,31.0,base,3
base_h3,0,3,32,2791.0,-36.0,base,3
base_h3,0,3,32,2791.0,11.0,base,3
base_h3,0,3,33,3028.0,25.0,base,3
base_h3,0,3,35,2668.0,0.0,base,3
base_h3,0,3,44,2884.0,49.0,base,3
base_h3,0,3,49,2933.0,0.0,base,3
base_h3,0,3,51,2904.0,30.0,base,3
base_h3,0,4,8,2792.0,0.0,base,3
base_h3,0,4,10,2802.0,-2.0,base,3
base_h3,0,4,10,2881.0,-5.0,base,3
base_h3,0,4,10,2934.0,23.0,base,3
base_h3,0,4,16,3314.0,0.0,base,3
base_h3,0,4,16,3386.0,-7.0,base,3
base_h3,0,4,16,3386.0,27.0,base,3
base_h3,0,4,19,3439.0,21.0,base,3
base_h3,0,4,22,2645.0,-49.0,base,3
base_h3,0,4,32,2852.0,0.0,base,3
base_h3,0,4,32,3024.0,50.0,base,3
base_h3,0,4,33,2572.0,-20.0,base,3
base_h3,0,4,44,3242.0,0.0,base,3
base_h3,0,4,44,3329.0,0.0,base,3
base_h3,0,4,49,3196.0,0.0,base,3
base_h3,0,4,49,3331.0,-17.0,base,3
base_h3,0,4,49,3331.0,25.0,base,3
base_h3,0,4,51,3284.0,-25.0,base,3
base_h3,0,4,52,3266.0,17.0,base,3
base_h3,0,4,58,3235.0,-40.0,base,3
base_h3,0,4,58,3235.0,24.0,base,3
base_h3,1,0,4,2210.0,-31.0,base,3
base_h3,1,0,8,2092.0,17.0,base,3
base_h3,1,0,10,2159.0,-1.0,base,3
base_h3,1,0,10,2176.0,0.0,base,3
base_h3,1,0,10,2264.0,-27.0,base,3
base_h3,1,0,16,2232.0,0.0,base,3
base_h3,1,0,16,2349.0,0.0,base,3
base_h3,1,0,16,2352.0,21.0,base,3
base_h3,1,0,16,2404.0,-9.0,base,3
base_h3,1,0,16,2404.0,50.0,base,3
base_h3,1,0,19,2155.0,37.0,base,3
base_h3,1,0,19,2238.0,-6.0,base,3
base_h3,1,0,19,2286.0,24.0,base,3
base_h3,1,0,22,2182.0,57.0,base,3
base_h3,1,0,23,2114.0,28.0,base,3
base_h3,1,0,32,2202.0,36.0,base,3
base_h3,1,0,32,2280.0,0.0,base,3
base_h3,1,0,33,2202.0,0.0,base,3
base_h3,1,0,43,2256.0,0.0,base,3
base_h3,1,0,44,2320.0,-7.0,base,3
base_h3,1,0,44,2380.0,-8.0,base,3
base_h3,1,0,49,2232.0,-6.0,base,3
base_h3,1,0,49,2258.0,0.0,base,3
base_h3,1,0,51,2232.0,31.0,base,3
base_h3,1,0,52,2158.0,24.0,base,3
base_h3,1,0,58,2183.0,-25.0,base,3
base_h3,1,0,58,2183.0,55.0,base,3
base_h3,1,0,58,2517.0,-47.0,base,3
base_h3,1,1,4,2232.0,-7.0,base,3
base_h3,1,1,8,2410.0,0.0,base,3
base_h3,1,1,8,2450.0,10.0,base,3
base_h3,1,1,10,2280.0,8.0,base,3
base_h3,1,1,10,2394.0,-26.0,base,3
base_h3,1,1,16,2496.0,20.0,base,3
base_h3,1,1,16,2600.0,-28.0,base,3
base_h3,1,1,16,2600.0,0.0,base,3
base_h3,1,1,19,2398.0,-26.0,base,3
base_h3,1,1,19,2398.0,0.0,base,3
base_h3,1,1,19,2500.0,-30.0,base,3
base_h3,1,1,19,3290.0,0.0,base,3
base_h3,1,1,22,2261.0,0.0,base,3
base_h3,1,1,22,2280.0,-4.0,base,3
base_h3,1,1,23,2208.0,-22.0,base,3
base_h3,1,1,23,2208.0,24.0,base,3
base_h3,1,1,24,2305.0,-3.0,base,3
base_h3,1,1,32,2374.0,-25.0,base,3
base_h3,1,1,32,2374.0,11.0,base,3
base_h3,1,1,44,2423.0,18.0,base,3
base_h3,1,1,49,2372.0,-18.0,base,3
base_h3,1,1,49,2470.0,0.0,base,3
base_h3,1,1,52,2304.0,0.0,base,3
base_h3,1,1,57,2518.0,22.0,base,3
base_h3,1,1,57,2518.0,54.0,base,3
base_h3,1,2,8,2501.0,72.0,base,3
base_h3,1,2,10,2392.0,0.0,base,3
base_h3,1,2,10,2432.0,10.0,base,3
base_h3,1,2,10,2495.0,0.0,base,3
base_h3,1,2,10,2540.0,0.0,base,3
base_h3,1,2,10,2569.0,0.0,base,3
base_h3,1,2,16,2790.0,60.0,base,3
base_h3,1,2,19,2876.0,37.0,base,3
base_h3,1,2,22,2424.0,0.0,base,3
base_h3,1,2,32,2446.0,19.0,base,3
base_h3,1,2,32,2503.0,35.0,base,3
base_h3,1,2,33,2860.0,0.0,base,3
base_h3,1,2,35,2597.0,0.0,base,3
base_h3,1,2,44,2704.0,-48.0,base,3
base_h3,1,2,49,2558.0,18.0,base,3
base_h3,1,2,51,2566.0,10.0,base,3
base_h3,1,2,52,2540.0,-45.0,base,3
base_h3,1,2,52,2540.0,56.0,base,3
base_h3,1,2,53,2556.0,66.0,base,3
base_h3,1,2,57,2645.0,-45.0,base,3
base_h3,1,2,58,2584.0,0.0,base,3
base_h3,1,3,4,2764.0,-69.0,base,3
base_h3,1,3,7,2443.0,0.0,base,3
base_h3,1,3,8,2660.0,0.0,base,3
base_h3,1,3,10,2716.0,-12.0,base,3
base_h3,1,3,14,2540.0,32.0,base,3
base_h3,1,3,16,3101.0,-37.0,base,3
base_h3,1,3,16,3101.0,-11.0,base,3
base_h3,1,3,16,3160.0,-23.0,base,3
base_h3,1,3,16,3160.0,0.0,base,3
base_h3,1,3,19,3052.0,-45.0,base,3
base_h3,1,3,19,3052.0,48.0,base,3
base_h3,1,3,24,2456.0,7.0,base,3
base_h3,1,3,33,3028.0,0.0,base,3
base_h3,1,3,33,3028.0,40.0,base,3
base_h3,1,3,44,2884.0,49.0,base,3
base_h3,1,3,49,2933.0,0.0,base,3
base_h3,1,3,51,2904.0,30.0,base,3
base_h3,1,4,8,2792.0,0.0,base,3
base_h3,1,4,10,2802.0,-2.0,base,3
base_h3,1,4,10,2881.0,-5.0,base,3
base_h3,1,4,16,3386.0,-7.0,base,3
base_h3,1,4,16,3386.0,27.0,base,3
base_h3,1,4,19,3439.0,21.0,base,3
base_h3,1,4,22,2645.0,-49.0,base,3
base_h3,1,4,24,2497.0,0.0,base,3
base_h3,1,4,32,3024.0,0.0,base,3
base_h3,1,4,32,3024.0,50.0,base,3
base_h3,1,4,33,2572.0,-20.0,base,3
base_h3,1,4,44,3242.0,0.0,base,3
base_h3,1,4,49,3196.0,0.0,base,3
base_h3,1,4,49,3331.0,-17.0,base,3
base_h3,1,4,49,3331.0,25.0,base,3
base_h3,1,4,51,3284.0,-25.0,base,3
base_h3,1,4,52,3266.0,17.0,base,3
base_h3,2,0,4,2210.0,-31.0,base,3
base_h3,2,0,8,2092.0,3.0,base,3
base_h3,2,0,10,2176.0,0.0,base,3
base_h3,2,0,10,2264.0,-27.0,base,3
base_h3,2,0,16,2232.0,0.0,base,3
base_h3,2,0,16,2303.0,0.0,base,3
base_h3,2,0,16,2349.0,0.0,base,3
base_h3,2,0,16,2352.0,21.0,base,3
base_h3,2,0,16,2404.0,-9.0,base,3
base_h3,2,0,16,2404.0,50.0,base,3
base_h3,2,0,19,2155.0,37.0,base,3
base_h3,2,0,19,2238.0,-6.0,base,3
base_h3,2,0,19,2286.0,24.0,base,3
base_h3,2,0,22,2182.0,-2.0,base,3
base_h3,2,0,22,2182.0,57.0,base,3
base_h3,2,0,23,2114.0,28.0,base,3
base_h3,2,0,32,2202.0,32.0,base,3
base_h3,2,0,33,2202.0,0.0,base,3
base_h3,2,0,35,2212.0,22.0,base,3
base_h3,2,0,44,2320.0,-7.0,base,3
base_h3,2,0,44,2380.0,-8.0,base,3
base_h3,2,0,49,2232.0,-6.0,base,3
base_h3,2,0,49,2258.0,0.0,base,3
base_h3,2,0,51,2232.0,57.0,base,3
base_h3,2,0,57,2229.0,-47.0,base,3
base_h3,2,0,57,2229.0,28.0,base,3
base_h3,2,0,58,2183.0,50.0,base,3
base_h3,2,0,58,2517.0,-47.0,base,3
base_h3,2,1,4,2232.0,-7.0,base,3
base_h3,2,1,8,2410.0,0.0,base,3
base_h3,2,1,10,2280.0,8.0,base,3
base_h3,2,1,10,2304.0,7.0,base,3
base_h3,2,1,10,2394.0,-26.0,base,3
base_h3,2,1,16,2600.0,-28.0,base,3
base_h3,2,1,16,2600.0,0.0,base,3
base_h3,2,1,19,2398.0,-26.0,base,3
base_h3,2,1,19,2398.0,35.0,base,3
base_h3,2,1,19,2500.0,0.0,base,3
base_h3,2,1,19,3290.0,0.0,base,3
base_h3,2,1,22,2261.0,0.0,base,3
base_h3,2,1,22,2280.0,-4.0,base,3
base_h3,2,1,23,2208.0,-22.0,base,3
base_h3,2,1,23,2208.0,24.0,base,3
base_h3,2,1,24,2192.0,0.0,base,3
base_h3,2,1,24,2305.0,-3.0,base,3
base_h3,2,1,32,2374.0,-3.0,base,3
base_h3,2,1,32,2374.0,11.0,base,3
base_h3,2,1,44,2423.0,18.0,base,3
base_h3,2,1,49,2372.0,-18.0,base,3
base_h3,2,1,49,2470.0,0.0,base,3
base_h3,2,1,57,2518.0,22.0,base,3
base_h3,2,1,57,2518.0,54.0,base,3
base_h3,2,1,58,2560.0,-18.0,base,3
base_h3,2,2,8,2501.0,0.0,base,3
base_h3,2,2,8,2501.0,39.0,base,3
base_h3,2,2,8,2501.0,72.0,base,3
base_h3,2,2,10,2392.0,0.0,base,3
base_h3,2,2,10,2540.0,-18.0,base,3
base_h3,2,2,16,2646.0,0.0,base,3
base_h3,2,2,16,2790.0,-62.0,base,3
base_h3,2,2,16,2790.0,60.0,base,3
base_h3,2,2,19,2778.0,0.0,base,3
base_h3,2,2,19,2876.0,37.0,base,3
base_h3,2,2,22,2424.0,-55.0,base,3
base_h3,2,2,22,2424.0,7.0,base,3
base_h3,2,2,23,2330.0,-44.0,base,3
base_h3,2,2,32,2446.0,19.0,base,3
base_h3,2,2,33,2860.0,0.0,base,3
base_h3,2,2,44,2704.0,0.0,base,3
base_h3,2,2,44,2728.0,32.0,base,3
base_h3,2,2,49,2558.0,18.0,base,3
base_h3,2,2,51,2566.0,10.0,base,3
base_h3,2,2,52,2540.0,0.0,base,3
base_h3,2,2,53,2556.0,66.0,base,3
base_h3,2,2,57,2645.0,-45.0,base,3
base_h3,2,2,58,2584.0,0.0,base,3
base_h3,2,3,4,2764.0,-69.0,base,3
base_h3,2,3,8,2660.0,0.0,base,3
base_h3,2,3,10,2645.0,-1.0,base,3
base_h3,2,3,10,2716.0,-27.0,base,3
base_h3,2,3,10,2716.0,13.0,base,3
base_h3,2,3,14,2540.0,32.0,base,3
base_h3,2,3,16,3000.0,-6.0,base,3
base_h3,2,3,16,3000.0,29.0,base,3
base_h3,2,3,16,3101.0,-11.0,base,3
base_h3,2,3,19,3052.0,15.0,base,3
base_h3,2,3,19,3224.0,-47.0,base,3
base_h3,2,3,22,2495.0,22.0,base,3
base_h3,2,3,32,2791.0,-36.0,base,3
base_h3,2,3,33,2471.0,-20.0,base,3
base_h3,2,3,33,3028.0,25.0,base,3
base_h3,2,3,35,2668.0,0.0,base,3
base_h3,2,3,44,2884.0,49.0,base,3
base_h3,2,3,49,2933.0,-49.0,base,3
base_h3,2,3,49,2933.0,0.0,base,3
base_h3,2,3,51,2904.0,30.0,base,3
base_h3,2,4,4,2853.0,0.0,base,3
base_h3,2,4,8,2792.0,0.0,base,3
base_h3,2,4,8,2925.0,0.0,base,3
base_h3,2,4,10,2802.0,-2.0,base,3
base_h3,2,4,10,2860.0,0.0,base,3
base_h3,2,4,10,2934.0,23.0,base,3
base_h3,2,4,16,3363.0,-7.0,base,3
base_h3,2,4,16,3386.0,-7.0,base,3
base_h3,2,4,16,3386.0,27.0,base,3
base_h3,2,4,19,3379.0,-11.0,base,3
base_h3,2,4,19,3439.0,21.0,base,3
base_h3,2,4,22,2645.0,-49.0,base,3
base_h3,2,4,24,2497.0,6.0,base,3
base_h3,2,4,33,2572.0,-20.0,base,3
base_h3,2,4,44,3242.0,14.0,base,3
base_h3,2,4,49,3196.0,0.0,base,3
base_h3,2,4,49,3331.0,-41.0,base,3
base_h3,2,4,49,3331.0,25.0,base,3
base_h3,2,4,51,3284.0,-25.0,base,3
base_h3,2,4,58,3235.0,-40.0,base,3
base_h3,2,4,58,3235.0,24.0,base,3
base_h3,3,0,4,2210.0,-31.0,base,3
base_h3,3,0,8,2092.0,17.0,base,3
base_h3,3,0,10,2176.0,0.0,base,3
base_h3,3,0,10,2182.0,5.0,base,3
base_h3,3,0,16,2232.0,0.0,base,3
base_h3,3,0,16,2303.0,0.0,base,3
base_h3,3,0,16,2349.0,0.0,base,3
base_h3,3,0,16,2352.0,21.0,base,3
base_h3,3,0,19,2155.0,37.0,base,3
base_h3,3,0,19,2238.0,-6.0,base,3
base_h3,3,0,19,2286.0,24.0,base,3
base_h3,3,0,22,2182.0,57.0,base,3
base_h3,3,0,23,2114.0,28.0,base,3
base_h3,3,0,32,2202.0,30.0,base,3
base_h3,3,0,33,2202.0,0.0,base,3
base_h3,3,0,43,2256.0,0.0,base,3
base_h3,3,0,44,2320.0,-7.0,base,3
base_h3,3,0,44,2380.0,-8.0,base,3
base_h3,3,0,49,2232.0,-6.0,base,3
base_h3,3,0,49,2258.0,0.0,base,3
base_h3,3,0,52,2280.0,-16.0,base,3
base_h3,3,0,57,2229.0,-47.0,base,3
base_h3,3,0,57,2229.0,28.0,base,3
base_h3,3,0,58,2183.0,50.0,base,3
base_h3,3,1,8,2185.0,19.0,base,3
base_h3,3,1,10,2280.0,8.0,base,3
base_h3,3,1,10,2394.0,-26.0,base,3
base_h3,3,1,16,2496.0,20.0,base,3
base_h3,3,1,16,2600.0,-28.0,base,3
base_h3,3,1,16,2600.0,0.0,base,3
base_h3,3,1,19,2398.0,-26.0,base,3
base_h3,3,1,22,2261.0,0.0,base,3
base_h3,3,1,23,2208.0,0.0,base,3
base_h3,3,1,24,2305.0,-3.0,base,3
base_h3,3,1,32,2374.0,-3.0,base,3
base_h3,3,1,32,2374.0,11.0,base,3
base_h3,3,1,44,2491.0,-26.0,base,3
base_h3,3,1,44,2491.0,45.0,base,3
base_h3,3,1,52,2304.0,0.0,base,3
base_h3,3,1,57,2518.0,22.0,base,3
base_h3,3,1,58,2560.0,-18.0,base,3
base_h3,3,2,8,2501.0,72.0,base,3
base_h3,3,2,10,2392.0,0.0,base,3
base_h3,3,2,10,2427.0,0.0,base,3
base_h3,3,2,10,2432.0,10.0,base,3
base_h3,3,2,10,2540.0,-18.0,base,3
base_h3,3,2,19,2778.0,0.0,base,3
base_h3,3,2,19,2876.0,37.0,base,3
base_h3,3,2,22,2424.0,-55.0,base,3
base_h3,3,2,22,2424.0,7.0,base,3
base_h3,3,2,23,2330.0,-44.0,base,3
base_h3,3,2,32,2446.0,19.0,base,3
base_h3,3,2,33,2860.0,0.0,base,3
base_h3,3,2,35,2597.0,0.0,base,3
base_h3,3,2,44,2704.0,0.0,base,3
base_h3,3,2,44,2728.0,32.0,base,3
base_h3,3,2,49,2558.0,18.0,base,3
base_h3,3,2,49,2645.0,0.0,base,3
base_h3,3,2,51,2566.0,10.0,base,3
base_h3,3,2,52,2540.0,0.0,base,3
base_h3,3,2,53,2556.0,66.0,base,3
base_h3,3,2,57,2645.0,-45.0,base,3
base_h3,3,2,58,2584.0,0.0,base,3
base_h3,3,3,4,2764.0,-69.0,base,3
base_h3,3,3,7,2443.0,0.0,base,3
base_h3,3,3,8,2660.0,0.0,base,3
base_h3,3,3,10,2716.0,-12.0,base,3
base_h3,3,3,14,2540.0,32.0,base,3
base_h3,3,3,16,3101.0,-49.0,base,3
base_h3,3,3,16,3160.0,-23.0,base,3
base_h3,3,3,16,3160.0,0.0,base,3
base_h3,3,3,23,2354.0,31.0,base,3
base_h3,3,3,24,2456.0,7.0,base,3
base_h3,3,3,32,2791.0,11.0,base,3
base_h3,3,3,33,3028.0,0.0,base,3
base_h3,3,3,33,3028.0,40.0,base,3
base_h3,3,3,35,2668.0,0.0,base,3
base_h3,3,3,44,2884.0,60.0,base,3
base_h3,3,3,44,3066.0,-22.0,base,3
base_h3,3,3,49,2933.0,0.0,base,3
base_h3,3,3,51,2904.0,30.0,base,3
base_h3,3,4,8,2792.0,0.0,base,3
base_h3,3,4,8,2925.0,0.0,base,3
base_h3,3,4,10,2802.0,-2.0,base,3
base_h3,3,4,10,2881.0,-5.0,base,3
base_h3,3,4,10,2934.0,23.0,base,3
base_h3,3,4,16,3314.0,-7.0,base,3
base_h3,3,4,16,3363.0,-7.0,base,3
base_h3,3,4,16,3386.0,0.0,base,3
base_h3,3,4,16,3386.0,27.0,base,3
base_h3,3,4,19,3271.0,44.0,base,3
base_h3,3,4,19,3379.0,-11.0,base,3
base_h3,3,4,19,3439.0,21.0,base,3
base_h3,3,4,22,2645.0,-49.0,base,3
base_h3,3,4,32,2852.0,0.0,base,3
base_h3,3,4,33,2572.0,-20.0,base,3
base_h3,3,4,44,3242.0,14.0,base,3
base_h3,3,4,49,3196.0,0.0,base,3
base_h3,3,4,49,3331.0,-41.0,base,3
base_h3,3,4,49,3331.0,25.0,base,3
base_h3,3,4,51,3284.0,-25.0,base,3
base_h3,3,4,58,3235.0,-40.0,base,3
base_h3,3,4,58,3235.0,24.0,base,3
base_h3,4,0,7,2169.0,0.0,base,3
base_h3,4,0,10,2176.0,0.0,base,3
base_h3,4,0,10,2264.0,-27.0,base,3
base_h3,4,0,16,2232.0,0.0,base,3
base_h3,4,0,16,2303.0,-22.0,base,3
base_h3,4,0,16,2349.0,0.0,base,3
base_h3,4,0,16,2352.0,21.0,base,3
base_h3,4,0,16,2404.0,-9.0,base,3
base_h3,4,0,16,2404.0,50.0,base,3
base_h3,4,0,19,2155.0,37.0,base,3
base_h3,4,0,19,2238.0,-6.0,base,3
base_h3,4,0,19,2286.0,0.0,base,3
base_h3,4,0,22,2182.0,-2.0,base,3
base_h3,4,0,22,2182.0,57.0,base,3
base_h3,4,0,23,2114.0,28.0,base,3
base_h3,4,0,24,2133.0,0.0,base,3
base_h3,4,0,32,2202.0,32.0,base,3
base_h3,4,0,33,2202.0,0.0,base,3
base_h3,4,0,35,2212.0,-30.0,base,3
base_h3,4,0,43,2256.0,0.0,base,3
base_h3,4,0,44,2320.0,-7.0,base,3
base_h3,4,0,44,2380.0,-8.0,base,3
base_h3,4,0,58,2183.0,50.0,base,3
base_h3,4,1,4,2232.0,-7.0,base,3
base_h3,4,1,8,2185.0,19.0,base,3
base_h3,4,1,10,2280.0,8.0,base,3
base_h3,4,1,10,2304.0,7.0,base,3
base_h3,4,1,10,2394.0,-26.0,base,3
base_h3,4,1,16,2496.0,20.0,base,3
base_h3,4,1,16,2600.0,-28.0,base,3
base_h3,4,1,16,2600.0,0.0,base,3
base_h3,4,1,19,2398.0,-26.0,base,3
base_h3,4,1,19,2398.0,0.0,base,3
base_h3,4,1,22,2261.0,0.0,base,3
base_h3,4,1,23,2208.0,-22.0,base,3
base_h3,4,1,23,2208.0,24.0,base,3
base_h3,4,1,24,2305.0,-3.0,base,3
base_h3,4,1,32,2374.0,-3.0,base,3
base_h3,4,1,32,2374.0,11.0,base,3
base_h3,4,1,35,2422.0,0.0,base,3
base_h3,4,1,44,2423.0,18.0,base,3
base_h3,4,1,44,2491.0,-3.0,base,3
base_h3,4,1,44,2491.0,45.0,base,3
base_h3,4,1,49,2372.0,-25.0,base,3
base_h3,4,1,49,2470.0,0.0,base,3
base_h3,4,1,52,2304.0,0.0,base,3
base_h3,4,1,57,2518.0,22.0,base,3
base_h3,4,1,57,2518.0,54.0,base,3
base_h3,4,2,8,2501.0,72.0,base,3
base_h3,4,2,10,2392.0,0.0,base,3
base_h3,4,2,10,2569.0,0.0,base,3
base_h3,4,2,16,2646.0,0.0,base,3
base_h3,4,2,16,2790.0,-62.0,base,3
base_h3,4,2,16,2790.0,60.0,base,3
base_h3,4,2,19,2672.0,-48.0,base,3
base_h3,4,2,22,2424.0,-26.0,base,3
base_h3,4,2,23,2330.0,0.0,base,3
base_h3,4,2,32,2446.0,19.0,base,3
base_h3,4,2,32,2503.0,0.0,base,3
base_h3,4,2,32,2503.0,35.0,base,3
base_h3,4,2,44,2704.0,-59.0,base,3
base_h3,4,2,44,2704.0,0.0,base,3
base_h3,4,2,44,2728.0,32.0,base,3
base_h3,4,2,44,2871.0,0.0,base,3
base_h3,4,2,49,2558.0,-40.0,base,3
base_h3,4,2,49,2596.0,4.0,base,3
base_h3,4,2,57,2645.0,-45.0,base,3
base_h3,4,2,58,2584.0,16.0,base,3
base_h3,4,3,4,2764.0,-69.0,base,3
base_h3,4,3,8,2660.0,0.0,base,3
base_h3,4,3,10,2716.0,-12.0,base,3
base_h3,4,3,14,2540.0,32.0,base,3
base_h3,4,3,16,3101.0,-49.0,base,3
base_h3,4,3,16,3160.0,-23.0,base,3
base_h3,4,3,16,3160.0,0.0,base,3
base_h3,4,3,32,2791.0,11.0,base,3
base_h3,4,3,33,3028.0,0.0,base,3
base_h3,4,3,33,3028.0,40.0,base,3
base_h3,4,3,44,2884.0,60.0,base,3
base_h3,4,3,49,2933.0,0.0,base,3
base_h3,4,4,8,2792.0,0.0,base,3
base_h3,4,4,10,2802.0,-2.0,base,3
base_h3,4,4,10,2881.0,-5.0,base,3
base_h3,4,4,16,3386.0,0.0,base,3
base_h3,4,4,16,3386.0,27.0,base,3
base_h3,4,4,19,3271.0,44.0,base,3
base_h3,4,4,19,3379.0,-11.0,base,3
base_h3,4,4,19,3439.0,21.0,base,3
base_h3,4,4,22,2645.0,-49.0,base,3
base_h3,4,4,24,2497.0,6.0,base,3
base_h3,4,4,32,2852.0,28.0,base,3
base_h3,4,4,32,3024.0,50.0,base,3
base_h3,4,4,33,2572.0,-20.0,base,3
base_h3,4,4,44,3242.0,0.0,base,3
base_h3,4,4,49,3196.0,0.0,base,3
base_h3,4,4,49,3331.0,-41.0,base,3
base_h3,4,4,49,3331.0,25.0,base,3
base_h3,4,4,51,3284.0,-25.0,base,3
base_h3,4,4,51,3368.0,-23.0,base,3
base_h3,4,4,58,3235.0,-40.0,base,3
base_h3,4,4,58,3235.0,24.0,base,3
p3,0,0,4,2210.0,0.0,p3,0
p3,0,0,7,2169.0,0.0,p3,0
p3,0,0,8,2092.0,17.0,p3,0
p3,0,0,14,2194.0,68.0,p3,0
p3,0,0,16,2352.0,21.0,p3,0
p3,0,0,16,2404.0,16.0,p3,0
p3,0,0,16,2404.0,22.0,p3,0
p3,0,0,23,2153.0,-11.0,p3,0
p3,0,0,32,2202.0,48.0,p3,0
p3,0,0,44,2274.0,-18.0,p3,0
p3,0,0,44,2274.0,-12.0,p3,0
p3,0,0,49,2232.0,-55.0,p3,0
p3,0,0,49,2232.0,-42.0,p3,0
p3,0,0,49,2232.0,0.0,p3,0
p3,0,0,53,2238.0,-5.0,p3,0
p3,0,0,57,2229.0,57.0,p3,0
p3,0,1,10,2354.0,-9.0,p3,0
p3,0,1,16,2516.0,-22.0,p3,0
p3,0,1,19,2422.0,11.0,p3,0
p3,0,1,19,2422.0,72.0,p3,0
p3,0,1,23,2208.0,24.0,p3,0
p3,0,1,24,2337.0,-32.0,p3,0
p3,0,1,32,2374.0,-25.0,p3,0
p3,0,1,44,2536.0,0.0,p3,0
p3,0,1,51,2552.0,-58.0,p3,0
p3,0,1,51,2552.0,0.0,p3,0
p3,0,1,57,2304.0,48.0,p3,0
p3,0,2,4,2548.0,0.0,p3,0
p3,0,2,10,2540.0,0.0,p3,0
p3,0,2,16,2548.0,24.0,p3,0
p3,0,2,16,2929.0,0.0,p3,0
p3,0,2,19,2576.0,0.0,p3,0
p3,0,2,22,2424.0,-6.0,p3,0
p3,0,2,22,2455.0,-8.0,p3,0
p3,0,2,23,2286.0,68.0,p3,0
p3,0,2,32,2540.0,-70.0,p3,0
p3,0,2,32,2540.0,28.0,p3,0
p3,0,2,33,2887.0,0.0,p3,0
p3,0,2,35,2494.0,46.0,p3,0
p3,0,2,43,2592.0,0.0,p3,0
p3,0,2,44,2704.0,0.0,p3,0
p3,0,2,44,2728.0,32.0,p3,0
p3,0,2,44,2871.0,-11.0,p3,0
p3,0,2,51,2904.0,0.0,p3,0
p3,0,2,58,2600.0,0.0,p3,0
p3,0,3,4,2802.0,0.0,p3,0
p3,0,3,8,2718.0,17.0,p3,0
p3,0,3,10,2645.0,-1.0,p3,0
p3,0,3,10,2716.0,-27.0,p3,0
p3,0,3,10,2716.0,0.0,p3,0
p3,0,3,10,2716.0,12.0,p3,0
p3,0,3,10,2716.0,27.0,p3,0
p3,0,3,16,3097.0,-21.0,p3,0
p3,0,3,16,3160.0,27.0,p3,0
p3,0,3,22,2517.0,24.0,p3,0
p3,0,3,24,2497.0,-34.0,p3,0
p3,0,3,35,2600.0,68.0,p3,0
p3,0,3,51,3284.0,-25.0,p3,0
p3,0,3,52,3266.0,0.0,p3,0
p3,0,3,58,2741.0,0.0,p3,0
p3,0,4,8,2925.0,-12.0,p3,0
p3,0,4,8,3009.0,0.0,p3,0
p3,0,4,10,2800.0,-24.0,p3,0
p3,0,4,10,3308.0,-65.0,p3,0
p3,0,4,16,3314.0,-47.0,p3,0
p3,0,4,16,3314.0,0.0,p3,0
p3,0,4,19,3439.0,-60.0,p3,0
p3,0,4,44,3242.0,24.0,p3,0
p3,0,4,44,3329.0,47.0,p3,0
p3,0,4,57,3307.0,0.0,p3,0
p3,0,4,57,3340.0,15.0,p3,0
p3,0,4,58,3235.0,-40.0,p3,0
p3,1,0,4,2210.0,0.0,p3,0
p3,1,0,8,2092.0,17.0,p3,0
p3,1,0,8,2129.0,27.0,p3,0
p3,1,0,10,2159.0,-1.0,p3,0
p3,1,0,10,2176.0,1.0,p3,0
p3,1,0,14,2194.0,46.0,p3,0
p3,1,0,16,2352.0,0.0,p3,0
p3,1,0,16,2404.0,-24.0,p3,0
p3,1,0,19,2155.0,-23.0,p3,0
p3,1,0,19,2238.0,0.0,p3,0
p3,1,0,19,2238.0,72.0,p3,0
p3,1,0,22,2182.0,50.0,p3,0
p3,1,0,23,2153.0,0.0,p3,0
p3,1,0,32,2202.0,0.0,p3,0
p3,1,0,32,2202.0,48.0,p3,0
p3,1,0,33,2202.0,0.0,p3,0
p3,1,0,35,2212.0,22.0,p3,0
p3,1,0,44,2274.0,-18.0,p3,0
p3,1,0,44,2274.0,0.0,p3,0
p3,1,0,44,2357.0,-37.0,p3,0
p3,1,0,44,2357.0,11.0,p3,0
p3,1,0,49,2232.0,-55.0,p3,0
p3,1,0,49,2232.0,-6.0,p3,0
p3,1,0,52,2280.0,0.0,p3,0
p3,1,0,57,2229.0,9.0,p3,0
p3,1,1,4,2295.0,-70.0,p3,0
p3,1,1,8,2298.0,0.0,p3,0
p3,1,1,10,2273.0,8.0,p3,0
p3,1,1,10,2304.0,0.0,p3,0
p3,1,1,10,2354.0,0.0,p3,0
p3,1,1,14,2314.0,40.0,p3,0
p3,1,1,16,2395.0,0.0,p3,0
p3,1,1,16,2600.0,12.0,p3,0
p3,1,1,19,2422.0,-38.0,p3,0
p3,1,1,32,2374.0,-20.0,p3,0
p3,1,1,32,2374.0,11.0,p3,0
p3,1,1,36,2424.0,0.0,p3,0
p3,1,1,43,2544.0,0.0,p3,0
p3,1,1,44,2536.0,-8.0,p3,0
p3,1,1,49,2470.0,-48.0,p3,0
p3,1,1,49,2470.0,8.0,p3,0
p3,1,1,52,2322.0,9.0,p3,0
p3,1,1,52,2422.0,0.0,p3,0
p3,1,1,57,2304.0,50.0,p3,0
p3,1,1,57,2548.0,24.0,p3,0
p3,1,2,4,2548.0,0.0,p3,0
p3,1,2,10,2540.0,-18.0,p3,0
p3,1,2,16,2548.0,24.0,p3,0
p3,1,2,16,2790.0,66.0,p3,0
p3,1,2,16,2929.0,0.0,p3,0
p3,1,2,19,2576.0,-38.0,p3,0
p3,1,2,19,2856.0,7.0,p3,0
p3,1,2,22,2455.0,-8.0,p3,0
p3,1,2,23,2286.0,68.0,p3,0
p3,1,2,32,2540.0,0.0,p3,0
p3,1,2,32,2540.0,28.0,p3,0
p3,1,2,33,2887.0,0.0,p3,0
p3,1,2,35,2494.0,0.0,p3,0
p3,1,2,43,2592.0,-72.0,p3,0
p3,1,2,44,2656.0,0.0,p3,0
p3,1,2,44,2704.0,0.0,p3,0
p3,1,2,44,2728.0,32.0,p3,0
p3,1,2,44,2871.0,-11.0,p3,0
p3,1,2,49,2596.0,-56.0,p3,0
p3,1,2,52,2519.0,57.0,p3,0
p3,1,2,58,2689.0,-21.0,p3,0
p3,1,3,4,2802.0,69.0,p3,0
p3,1,3,8,2718.0,0.0,p3,0
p3,1,3,8,2718.0,63.0,p3,0
p3,1,3,10,2645.0,-49.0,p3,0
p3,1,3,10,2645.0,20.0,p3,0
p3,1,3,10,2716.0,-27.0,p3,0
p3,1,3,10,2716.0,-12.0,p3,0
p3,1,3,10,2716.0,3.0,p3,0
p3,1,3,16,3097.0,-21.0,p3,0
p3,1,3,16,3160.0,27.0,p3,0
p3,1,3,19,3052.0,-21.0,p3,0
p3,1,3,22,2517.0,24.0,p3,0
p3,1,3,23,2385.0,14.0,p3,0
p3,1,3,35,2600.0,0.0,p3,0
p3,1,3,44,3066.0,-38.0,p3,0
p3,1,3,44,3066.0,24.0,p3,0
p3,1,3,51,3284.0,-42.0,p3,0
p3,1,3,52,2857.0,0.0,p3,0
p3,1,3,52,2862.0,48.0,p3,0
p3,1,4,8,2856.0,0.0,p3,0
p3,1,4,8,2925.0,0.0,p3,0
p3,1,4,10,2802.0,0.0,p3,0
p3,1,4,10,2852.0,0.0,p3,0
p3,1,4,10,2881.0,0.0,p3,0
p3,1,4,10,3308.0,-47.0,p3,0
p3,1,4,16,3314.0,-7.0,p3,0
p3,1,4,16,3386.0,-7.0,p3,0
p3,1,4,19,3439.0,-60.0,p3,0
p3,1,4,24,2505.0,35.0,p3,0
p3,1,4,32,3074.0,0.0,p3,0
p3,1,4,33,3314.0,0.0,p3,0
p3,1,4,44,3242.0,24.0,p3,0
p3,1,4,44,3329.0,47.0,p3,0
p3,1,4,49,3331.0,-41.0,p3,0
p3,1,4,49,3383.0,0.0,p3,0
p3,1,4,51,3368.0,-54.0,p3,0
p3,1,4,52,3340.0,0.0,p3,0
p3,1,4,57,3307.0,0.0,p3,0
p3,1,4,57,3340.0,15.0,p3,0
p3,1,4,58,3235.0,-40.0,p3,0
p3,2,0,4,2210.0,0.0,p3,0
p3,2,0,7,2169.0,3.0,p3,0
p3,2,0,8,2129.0,27.0,p3,0
p3,2,0,10,2159.0,-1.0,p3,0
p3,2,0,10,2176.0,0.0,p3,0
p3,2,0,14,2194.0,46.0,p3,0
p3,2,0,16,2232.0,0.0,p3,0
p3,2,0,16,2352.0,-3.0,p3,0
p3,2,0,16,2352.0,23.0,p3,0
p3,2,0,19,2155.0,-23.0,p3,0
p3,2,0,19,2238.0,0.0,p3,0
p3,2,0,19,2238.0,72.0,p3,0
p3,2,0,22,2182.0,10.0,p3,0
p3,2,0,22,2182.0,50.0,p3,0
p3,2,0,23,2153.0,0.0,p3,0
p3,2,0,32,2202.0,0.0,p3,0
p3,2,0,32,2202.0,48.0,p3,0
p3,2,0,33,2202.0,0.0,p3,0
p3,2,0,33,2202.0,60.0,p3,0
p3,2,0,35,2212.0,22.0,p3,0
p3,2,0,43,2256.0,24.0,p3,0
p3,2,0,44,2274.0,0.0,p3,0
p3,2,0,44,2357.0,-37.0,p3,0
p3,2,0,44,2357.0,11.0,p3,0
p3,2,0,49,2232.0,-55.0,p3,0
p3,2,0,49,2232.0,-6.0,p3,0
p3,2,0,52,2280.0,0.0,p3,0
p3,2,0,57,2229.0,28.0,p3,0
p3,2,0,57,2229.0,57.0,p3,0
p3,2,0,58,2256.0,0.0,p3,0
p3,2,1,4,2295.0,-70.0,p3,0
p3,2,1,8,2298.0,0.0,p3,0
p3,2,1,10,2304.0,0.0,p3,0
p3,2,1,10,2329.0,-9.0,p3,0
p3,2,1,10,2354.0,0.0,p3,0
p3,2,1,10,2392.0,0.0,p3,0
p3,2,1,16,2516.0,-22.0,p3,0
p3,2,1,19,2422.0,11.0,p3,0
p3,2,1,23,2208.0,24.0,p3,0
p3,2,1,24,2181.0,0.0,p3,0
p3,2,1,32,2374.0,-25.0,p3,0
p3,2,1,32,2446.0,72.0,p3,0
p3,2,1,44,2491.0,0.0,p3,0
p3,2,1,44,2536.0,72.0,p3,0
p3,2,1,49,2470.0,-48.0,p3,0
p3,2,1,49,2470.0,22.0,p3,0
p3,2,1,51,2552.0,-58.0,p3,0
p3,2,1,52,2322.0,0.0,p3,0
p3,2,1,57,2548.0,24.0,p3,0
p3,2,1,58,2560.0,0.0,p3,0
p3,2,2,4,2548.0,0.0,p3,0
p3,2,2,8,2524.0,0.0,p3,0
p3,2,2,10,2398.0,4.0,p3,0
p3,2,2,10,2432.0,0.0,p3,0
p3,2,2,10,2540.0,0.0,p3,0
p3,2,2,10,2540.0,44.0,p3,0
p3,2,2,14,2470.0,70.0,p3,0
p3,2,2,16,2548.0,24.0,p3,0
p3,2,2,16,2790.0,66.0,p3,0
p3,2,2,16,2929.0,0.0,p3,0
p3,2,2,19,2576.0,-38.0,p3,0
p3,2,2,19,2576.0,48.0,p3,0
p3,2,2,22,2424.0,-6.0,p3,0
p3,2,2,22,2455.0,-8.0,p3,0
p3,2,2,23,2286.0,19.0,p3,0
p3,2,2,23,2286.0,68.0,p3,0
p3,2,2,32,2540.0,0.0,p3,0
p3,2,2,32,2540.0,28.0,p3,0
p3,2,2,33,2887.0,0.0,p3,0
p3,2,2,43,2592.0,0.0,p3,0
p3,2,2,44,2656.0,0.0,p3,0
p3,2,2,44,2704.0,0.0,p3,0
p3,2,2,44,2728.0,32.0,p3,0
p3,2,2,44,2871.0,-11.0,p3,0
p3,2,2,58,2689.0,-21.0,p3,0
p3,2,3,4,2802.0,69.0,p3,0
p3,2,3,8,2718.0,0.0,p3,0
p3,2,3,8,2718.0,17.0,p3,0
p3,2,3,10,2645.0,20.0,p3,0
p3,2,3,16,3000.0,41.0,p3,0
p3,2,3,16,3097.0,4.0,p3,0
p3,2,3,16,3160.0,27.0,p3,0
p3,2,3,19,3100.0,-20.0,p3,0
p3,2,3,22,2517.0,24.0,p3,0
p3,2,3,22,2517.0,35.0,p3,0
p3,2,3,35,2860.0,0.0,p3,0
p3,2,3,44,3066.0,-38.0,p3,0
p3,2,3,44,3066.0,24.0,p3,0
p3,2,3,49,3127.0,-61.0,p3,0
p3,2,3,52,2862.0,48.0,p3,0
p3,2,3,53,2877.0,56.0,p3,0
p3,2,4,8,2856.0,20.0,p3,0
p3,2,4,10,2800.0,-24.0,p3,0
p3,2,4,10,2802.0,0.0,p3,0
p3,2,4,10,2860.0,0.0,p3,0
p3,2,4,10,2934.0,23.0,p3,0
p3,2,4,16,3363.0,-22.0,p3,0
p3,2,4,16,3363.0,0.0,p3,0
p3,2,4,16,3436.0,-9.0,p3,0
p3,2,4,19,3439.0,-36.0,p3,0
p3,2,4,19,3439.0,0.0,p3,0
p3,2,4,24,2505.0,35.0,p3,0
p3,2,4,44,3329.0,-24.0,p3,0
p3,2,4,44,3329.0,47.0,p3,0
p3,2,4,49,3331.0,-17.0,p3,0
p3,2,4,49,3383.0,0.0,p3,0
p3,3,0,4,2210.0,0.0,p3,0
p3,3,0,8,2092.0,17.0,p3,0
p3,3,0,8,2129.0,27.0,p3,0
p3,3,0,8,2185.0,0.0,p3,0
p3,3,0,10,2159.0,-1.0,p3,0
p3,3,0,10,2176.0,0.0,p3,0
p3,3,0,10,2182.0,10.0,p3,0
p3,3,0,10,2226.0,0.0,p3,0
p3,3,0,14,2194.0,46.0,p3,0
p3,3,0,16,2254.0,-6.0,p3,0
p3,3,0,16,2352.0,0.0,p3,0
p3,3,0,16,2404.0,16.0,p3,0
p3,3,0,22,2182.0,0.0,p3,0
p3,3,0,22,2182.0,24.0,p3,0
p3,3,0,24,2133.0,0.0,p3,0
p3,3,0,32,2202.0,0.0,p3,0
p3,3,0,32,2202.0,36.0,p3,0
p3,3,0,32,2202.0,55.0,p3,0
p3,3,0,33,2202.0,0.0,p3,0
p3,3,0,35,2212.0,0.0,p3,0
p3,3,0,36,2304.0,0.0,p3,0
p3,3,0,49,2232.0,-55.0,p3,0
p3,3,0,49,2232.0,-6.0,p3,0
p3,3,0,57,2516.0,0.0,p3,0
p3,3,0,58,2183.0,-25.0,p3,0
p3,3,0,58,2256.0,24.0,p3,0
p3,3,1,4,2295.0,-70.0,p3,0
p3,3,1,10,2329.0,0.0,p3,0
p3,3,1,10,2392.0,0.0,p3,0
p3,3,1,16,2516.0,0.0,p3,0
p3,3,1,19,2422.0,24.0,p3,0
p3,3,1,23,2208.0,30.0,p3,0
p3,3,1,32,2374.0,-25.0,p3,0
p3,3,1,44,2536.0,-8.0,p3,0
p3,3,1,44,2536.0,72.0,p3,0
p3,3,1,49,2470.0,8.0,p3,0
p3,3,1,52,2322.0,0.0,p3,0
p3,3,1,57,2304.0,68.0,p3,0
p3,3,1,58,2560.0,0.0,p3,0
p3,3,2,4,2548.0,0.0,p3,0
p3,3,2,10,2470.0,0.0,p3,0
p3,3,2,10,2540.0,44.0,p3,0
p3,3,2,16,2548.0,24.0,p3,0
p3,3,2,16,2790.0,66.0,p3,0
p3,3,2,16,2929.0,0.0,p3,0
p3,3,2,19,2856.0,0.0,p3,0
p3,3,2,22,2424.0,-6.0,p3,0
p3,3,2,22,2455.0,-8.0,p3,0
p3,3,2,23,2286.0,68.0,p3,0
p3,3,2,32,2540.0,28.0,p3,0
p3,3,2,33,2887.0,0.0,p3,0
p3,3,2,35,2494.0,46.0,p3,0
p3,3,2,43,2592.0,0.0,p3,0
p3,3,2,44,2704.0,0.0,p3,0
p3,3,2,44,2728.0,32.0,p3,0
p3,3,2,44,2871.0,-11.0,p3,0
p3,3,2,49,2596.0,0.0,p3,0
p3,3,2,52,2720.0,0.0,p3,0
p3,3,3,4,2802.0,69.0,p3,0
p3,3,3,16,3000.0,41.0,p3,0
p3,3,3,16,3160.0,27.0,p3,0
p3,3,3,22,2517.0,24.0,p3,0
p3,3,3,35,2600.0,0.0,p3,0
p3,3,3,35,2860.0,16.0,p3,0
p3,3,3,44,3066.0,-38.0,p3,0
p3,3,3,44,3066.0,24.0,p3,0
p3,3,3,51,3284.0,-25.0,p3,0
p3,3,3,52,2862.0,48.0,p3,0
p3,3,4,7,2540.0,31.0,p3,0
p3,3,4,7,2540.0,52.0,p3,0
p3,3,4,8,2856.0,0.0,p3,0
p3,3,4,8,2925.0,9.0,p3,0
p3,3,4,10,2800.0,0.0,p3,0
p3,3,4,10,2852.0,0.0,p3,0
p3,3,4,16,3314.0,-7.0,p3,0
p3,3,4,16,3386.0,-7.0,p3,0
p3,3,4,19,3439.0,-60.0,p3,0
p3,3,4,19,3439.0,12.0,p3,0
p3,3,4,23,2517.0,59.0,p3,0
p3,3,4,32,3074.0,0.0,p3,0
p3,3,4,33,3314.0,0.0,p3,0
p3,3,4,35,2933.0,0.0,p3,0
p3,3,4,44,3242.0,39.0,p3,0
p3,3,4,49,3331.0,-17.0,p3,0
p3,3,4,49,3331.0,0.0,p3,0
p3,3,4,49,3383.0,0.0,p3,0
p3,3,4,51,3368.0,-23.0,p3,0
p3,3,4,51,3368.0,23.0,p3,0
p3,3,4,52,3308.0,0.0,p3,0
p3,3,4,53,3090.0,10.0,p3,0
p3,4,0,4,2210.0,22.0,p3,0
p3,4,0,7,2169.0,0.0,p3,0
p3,4,0,8,2092.0,17.0,p3,0
p3,4,0,8,2129.0,0.0,p3,0
p3,4,0,8,2129.0,27.0,p3,0
p3,4,0,8,2185.0,0.0,p3,0
p3,4,0,10,2159.0,-1.0,p3,0
p3,4,0,10,2176.0,1.0,p3,0
p3,4,0,14,2194.0,46.0,p3,0
p3,4,0,16,2352.0,0.0,p3,0
p3,4,0,16,2404.0,-24.0,p3,0
p3,4,0,19,2155.0,-23.0,p3,0
p3,4,0,19,2155.0,37.0,p3,0
p3,4,0,19,2238.0,0.0,p3,0
p3,4,0,19,2238.0,72.0,p3,0
p3,4,0,22,2182.0,50.0,p3,0
p3,4,0,32,2202.0,55.0,p3,0
p3,4,0,33,2202.0,0.0,p3,0
p3,4,0,35,2212.0,22.0,p3,0
p3,4,0,44,2274.0,0.0,p3,0
p3,4,0,44,2357.0,-37.0,p3,0
p3,4,0,44,2357.0,11.0,p3,0
p3,4,0,49,2232.0,-55.0,p3,0
p3,4,0,49,2232.0,-6.0,p3,0
p3,4,0,51,2232.0,6.0,p3,0
p3,4,0,51,2232.0,72.0,p3,0
p3,4,0,52,2280.0,-42.0,p3,0
p3,4,0,53,2238.0,-5.0,p3,0
p3,4,0,57,2229.0,28.0,p3,0
p3,4,1,4,2295.0,-70.0,p3,0
p3,4,1,10,2329.0,-9.0,p3,0
p3,4,1,10,2354.0,0.0,p3,0
p3,4,1,10,2392.0,0.0,p3,0
p3,4,1,14,2314.0,40.0,p3,0
p3,4,1,16,2516.0,-22.0,p3,0
p3,4,1,19,2422.0,11.0,p3,0
p3,4,1,23,2208.0,24.0,p3,0
p3,4,1,24,2181.0,0.0,p3,0
p3,4,1,24,2337.0,-32.0,p3,0
p3,4,1,32,2374.0,-20.0,p3,0
p3,4,1,36,2424.0,0.0,p3,0
p3,4,1,44,2536.0,72.0,p3,0
p3,4,1,49,2470.0,-24.0,p3,0
p3,4,1,51,2552.0,-58.0,p3,0
p3,4,1,51,2552.0,0.0,p3,0
p3,4,1,52,2322.0,50.0,p3,0
p3,4,1,57,2304.0,48.0,p3,0
p3,4,1,57,2548.0,24.0,p3,0
p3,4,2,4,2548.0,0.0,p3,0
p3,4,2,8,2524.0,0.0,p3,0
p3,4,2,10,2422.0,0.0,p3,0
p3,4,2,10,2432.0,0.0,p3,0
p3,4,2,10,2540.0,-18.0,p3,0
p3,4,2,14,2470.0,70.0,p3,0
p3,4,2,16,2548.0,24.0,p3,0
p3,4,2,16,2790.0,66.0,p3,0
p3,4,2,16,2929.0,0.0,p3,0
p3,4,2,19,2576.0,0.0,p3,0
p3,4,2,22,2424.0,-6.0,p3,0
p3,4,2,22,2455.0,-8.0,p3,0
p3,4,2,23,2286.0,68.0,p3,0
p3,4,2,32,2540.0,-70.0,p3,0
p3,4,2,32,2540.0,28.0,p3,0
p3,4,2,33,2403.0,20.0,p3,0
p3,4,2,35,2494.0,46.0,p3,0
p3,4,2,44,2704.0,0.0,p3,0
p3,4,2,44,2728.0,32.0,p3,0
p3,4,2,44,2871.0,-11.0,p3,0
p3,4,2,58,2689.0,-21.0,p3,0
p3,4,3,4,2802.0,0.0,p3,0
p3,4,3,8,2718.0,0.0,p3,0
p3,4,3,8,2718.0,17.0,p3,0
p3,4,3,16,3097.0,-45.0,p3,0
p3,4,3,16,3097.0,-7.0,p3,0
p3,4,3,22,2517.0,24.0,p3,0
p3,4,3,23,2385.0,0.0,p3,0
p3,4,3,24,2497.0,0.0,p3,0
p3,4,3,35,2600.0,0.0,p3,0
p3,4,3,35,2860.0,16.0,p3,0
p3,4,3,44,3066.0,24.0,p3,0
p3,4,3,49,3127.0,-61.0,p3,0
p3,4,3,49,3127.0,13.0,p3,0
p3,4,3,51,3284.0,-42.0,p3,0
p3,4,3,52,2862.0,48.0,p3,0
p3,4,3,53,2877.0,56.0,p3,0
p3,4,4,8,2856.0,20.0,p3,0
p3,4,4,8,2925.0,0.0,p3,0
p3,4,4,14,2876.0,8.0,p3,0
p3,4,4,16,3314.0,-47.0,p3,0
p3,4,4,16,3386.0,0.0,p3,0
p3,4,4,16,3436.0,0.0,p3,0
p3,4,4,24,2505.0,35.0,p3,0
p3,4,4,44,3242.0,24.0,p3,0
p3,4,4,49,3331.0,-17.0,p3,0
p3,4,4,49,3383.0,53.0,p3,0
p3,4,4,53,3090.0,10.0,p3,0
p3,4,4,57,3340.0,15.0,p3,0
p3,5,0,4,2128.0,0.0,p3,0
p3,5,0,8,2185.0,0.0,p3,0
p3,5,0,10,2159.0,-1.0,p3,0
p3,5,0,10,2176.0,1.0,p3,0
p3,5,0,10,2182.0,5.0,p3,0
p3,5,0,10,2226.0,11.0,p3,0
p3,5,0,16,2232.0,0.0,p3,0
p3,5,0,16,2352.0,-3.0,p3,0
p3,5,0,16,2352.0,3.0,p3,0
p3,5,0,16,2404.0,0.0,p3,0
p3,5,0,16,2404.0,18.0,p3,0
p3,5,0,33,2134.0,24.0,p3,0
p3,5,0,57,2516.0,0.0,p3,0
p3,5,0,58,2183.0,-49.0,p3,0
p3,5,0,58,2256.0,24.0,p3,0
p3,5,1,8,2298.0,0.0,p3,0
p3,5,1,10,2329.0,-9.0,p3,0
p3,5,1,10,2354.0,0.0,p3,0
p3,5,1,14,2314.0,40.0,p3,0
p3,5,1,16,2516.0,0.0,p3,0
p3,5,1,19,2422.0,0.0,p3,0
p3,5,1,32,2374.0,-25.0,p3,0
p3,5,1,32,2446.0,57.0,p3,0
p3,5,1,44,2441.0,0.0,p3,0
p3,5,1,44,2536.0,72.0,p3,0
p3,5,1,49,2470.0,22.0,p3,0
p3,5,1,51,2552.0,-58.0,p3,0
p3,5,1,57,2304.0,68.0,p3,0
p3,5,2,4,2548.0,0.0,p3,0
p3,5,2,8,2524.0,49.0,p3,0
p3,5,2,10,2470.0,25.0,p3,0
p3,5,2,14,2470.0,70.0,p3,0
p3,5,2,16,2548.0,24.0,p3,0
p3,5,2,16,2929.0,0.0,p3,0
p3,5,2,19,2576.0,0.0,p3,0
p3,5,2,22,2424.0,-6.0,p3,0
p3,5,2,22,2455.0,-8.0,p3,0
p3,5,2,23,2286.0,68.0,p3,0
p3,5,2,32,2540.0,28.0,p3,0
p3,5,2,33,2887.0,0.0,p3,0
p3,5,2,35,2494.0,46.0,p3,0
p3,5,2,43,2592.0,0.0,p3,0
p3,5,2,44,2704.0,0.0,p3,0
p3,5,2,44,2728.0,32.0,p3,0
p3,5,2,44,2871.0,-11.0,p3,0
p3,5,2,49,2596.0,0.0,p3,0
p3,5,2,51,2904.0,0.0,p3,0
p3,5,2,58,2689.0,-21.0,p3,0
p3,5,3,4,2802.0,51.0,p3,0
p3,5,3,8,2718.0,63.0,p3,0
p3,5,3,10,2716.0,-25.0,p3,0
p3,5,3,10,2716.0,0.0,p3,0
p3,5,3,10,2716.0,12.0,p3,0
p3,5,3,16,3097.0,-21.0,p3,0
p3,5,3,16,3160.0,27.0,p3,0
p3,5,3,35,2600.0,68.0,p3,0
p3,5,3,43,2880.0,72.0,p3,0
p3,5,3,44,3066.0,24.0,p3,0
p3,5,3,51,3284.0,-25.0,p3,0
p3,5,3,52,3266.0,0.0,p3,0
p3,5,3,53,2877.0,56.0,p3,0
p3,5,4,8,3009.0,0.0,p3,0
p3,5,4,10,2800.0,-24.0,p3,0
p3,5,4,10,2881.0,-5.0,p3,0
p3,5,4,14,2876.0,5.0,p3,0
p3,5,4,16,3436.0,-9.0,p3,0
p3,5,4,19,3484.0,0.0,p3,0
p3,5,4,32,3074.0,0.0,p3,0
p3,5,4,49,3331.0,-17.0,p3,0
p3,5,4,49,3383.0,68.0,p3,0
p3,5,4,51,3368.0,-23.0,p3,0
p3,5,4,52,3390.0,0.0,p3,0
p3,5,4,57,3340.0,0.0,p3,0
p3,5,4,58,3235.0,-40.0,p3,0
p3,6,0,8,2129.0,27.0,p3,0
p3,6,0,10,2159.0,-1.0,p3,0
p3,6,0,10,2159.0,5.0,p3,0
p3,6,0,10,2226.0,0.0,p3,0
p3,6,0,14,2194.0,46.0,p3,0
p3,6,0,16,2254.0,-6.0,p3,0
p3,6,0,16,2254.0,24.0,p3,0
p3,6,0,16,2352.0,0.0,p3,0
p3,6,0,16,2404.0,-24.0,p3,0
p3,6,0,19,2155.0,-23.0,p3,0
p3,6,0,19,2238.0,0.0,p3,0
p3,6,0,19,2238.0,72.0,p3,0
p3,6,0,22,2182.0,0.0,p3,0
p3,6,0,22,2182.0,24.0,p3,0
p3,6,0,24,2133.0,0.0,p3,0
p3,6,0,33,2202.0,0.0,p3,0
p3,6,0,35,2212.0,-30.0,p3,0
p3,6,0,35,2212.0,22.0,p3,0
p3,6,0,44,2274.0,0.0,p3,0
p3,6,0,44,2357.0,-37.0,p3,0
p3,6,0,49,2232.0,-55.0,p3,0
p3,6,0,49,2232.0,-6.0,p3,0
p3,6,0,51,2232.0,72.0,p3,0
p3,6,0,53,2238.0,-5.0,p3,0
p3,6,0,57,2516.0,0.0,p3,0
p3,6,1,4,2295.0,-70.0,p3,0
p3,6,1,10,2273.0,15.0,p3,0
p3,6,1,10,2304.0,0.0,p3,0
p3,6,1,10,2354.0,0.0,p3,0
p3,6,1,10,2392.0,0.0,p3,0
p3,6,1,16,2516.0,-22.0,p3,0
p3,6,1,19,2422.0,72.0,p3,0
p3,6,1,32,2374.0,-20.0,p3,0
p3,6,1,32,2374.0,24.0,p3,0
p3,6,1,35,2422.0,48.0,p3,0
p3,6,1,44,2441.0,24.0,p3,0
p3,6,1,44,2491.0,4.0,p3,0
p3,6,1,44,2536.0,72.0,p3,0
p3,6,1,49,2470.0,0.0,p3,0
p3,6,1,57,2304.0,48.0,p3,0
p3,6,1,57,2548.0,24.0,p3,0
p3,6,2,4,2548.0,0.0,p3,0
p3,6,2,8,2524.0,0.0,p3,0
p3,6,2,8,2524.0,49.0,p3,0
p3,6,2,10,2422.0,0.0,p3,0
p3,6,2,10,2432.0,0.0,p3,0
p3,6,2,10,2540.0,0.0,p3,0
p3,6,2,14,2470.0,70.0,p3,0
p3,6,2,16,2548.0,24.0,p3,0
p3,6,2,16,2790.0,12.0,p3,0
p3,6,2,16,2790.0,66.0,p3,0
p3,6,2,16,2929.0,0.0,p3,0
p3,6,2,19,2576.0,0.0,p3,0
p3,6,2,19,2856.0,57.0,p3,0
p3,6,2,22,2424.0,-6.0,p3,0
p3,6,2,23,2286.0,68.0,p3,0
p3,6,2,32,2540.0,0.0,p3,0
p3,6,2,32,2540.0,28.0,p3,0
p3,6,2,33,2887.0,0.0,p3,0
p3,6,2,35,2494.0,46.0,p3,0
p3,6,2,44,2656.0,0.0,p3,0
p3,6,2,44,2704.0,0.0,p3,0
p3,6,2,44,2728.0,32.0,p3,0
p3,6,2,44,2871.0,-11.0,p3,0
p3,6,2,51,2549.0,27.0,p3,0
p3,6,2,52,2519.0,33.0,p3,0
p3,6,3,4,2802.0,69.0,p3,0
p3,6,3,8,2718.0,2.0,p3,0
p3,6,3,10,2716.0,12.0,p3,0
p3,6,3,16,3097.0,-7.0,p3,0
p3,6,3,19,3052.0,-21.0,p3,0
p3,6,3,22,2517.0,24.0,p3,0
p3,6,3,23,2385.0,0.0,p3,0
p3,6,3,24,2497.0,0.0,p3,0
p3,6,3,35,2860.0,16.0,p3,0
p3,6,3,49,3127.0,-61.0,p3,0
p3,6,4,8,2856.0,0.0,p3,0
p3,6,4,8,3009.0,42.0,p3,0
p3,6,4,10,2802.0,0.0,p3,0
p3,6,4,10,2852.0,0.0,p3,0
p3,6,4,10,2934.0,23.0,p3,0
p3,6,4,16,3314.0,0.0,p3,0
p3,6,4,19,3484.0,-8.0,p3,0
p3,6,4,24,2505.0,0.0,p3,0
p3,6,4,49,3331.0,-17.0,p3,0
p3,6,4,49,3331.0,25.0,p3,0
p3,6,4,52,3340.0,15.0,p3,0
p3,7,0,4,2128.0,30.0,p3,0
p3,7,0,8,2129.0,27.0,p3,0
p3,7,0,10,2159.0,-1.0,p3,0
p3,7,0,10,2176.0,0.0,p3,0
p3,7,0,14,2194.0,46.0,p3,0
p3,7,0,16,2254.0,-6.0,p3,0
p3,7,0,16,2254.0,24.0,p3,0
p3,7,0,16,2352.0,-3.0,p3,0
p3,7,0,16,2352.0,23.0,p3,0
p3,7,0,19,2155.0,-23.0,p3,0
p3,7,0,22,2182.0,0.0,p3,0
p3,7,0,22,2182.0,57.0,p3,0
p3,7,0,23,2153.0,0.0,p3,0
p3,7,0,24,2133.0,0.0,p3,0
p3,7,0,33,2202.0,0.0,p3,0
p3,7,0,33,2202.0,60.0,p3,0
p3,7,0,35,2212.0,22.0,p3,0
p3,7,0,44,2274.0,0.0,p3,0
p3,7,0,44,2357.0,-37.0,p3,0
p3,7,0,44,2357.0,11.0,p3,0
p3,7,0,44,2423.0,-31.0,p3,0
p3,7,0,49,2232.0,-55.0,p3,0
p3,7,0,49,2232.0,-6.0,p3,0
p3,7,0,51,2232.0,6.0,p3,0
p3,7,0,52,2280.0,-24.0,p3,0
p3,7,0,53,2238.0,0.0,p3,0
p3,7,0,57,2229.0,28.0,p3,0
p3,7,0,58,2183.0,0.0,p3,0
p3,7,1,10,2329.0,7.0,p3,0
p3,7,1,10,2354.0,0.0,p3,0
p3,7,1,10,2392.0,0.0,p3,0
p3,7,1,14,2314.0,40.0,p3,0
p3,7,1,16,2516.0,0.0,p3,0
p3,7,1,16,2600.0,22.0,p3,0
p3,7,1,19,2422.0,72.0,p3,0
p3,7,1,23,2208.0,24.0,p3,0
p3,7,1,23,2208.0,41.0,p3,0
p3,7,1,24,2192.0,0.0,p3,0
p3,7,1,32,2374.0,-25.0,p3,0
p3,7,1,32,2374.0,24.0,p3,0
p3,7,1,32,2446.0,72.0,p3,0
p3,7,1,44,2536.0,72.0,p3,0
p3,7,1,49,2470.0,22.0,p3,0
p3,7,1,51,2552.0,-58.0,p3,0
p3,7,1,57,2304.0,48.0,p3,0
p3,7,1,57,2548.0,24.0,p3,0
p3,7,1,58,2560.0,0.0,p3,0
p3,7,2,4,2548.0,0.0,p3,0
p3,7,2,10,2470.0,0.0,p3,0
p3,7,2,14,2470.0,24.0,p3,0
p3,7,2,16,2548.0,24.0,p3,0
p3,7,2,16,2929.0,-49.0,p3,0
p3,7,2,16,2929.0,0.0,p3,0
p3,7,2,19,2576.0,-38.0,p3,0
p3,7,2,19,2856.0,7.0,p3,0
p3,7,2,22,2424.0,-6.0,p3,0
p3,7,2,22,2424.0,7.0,p3,0
p3,7,2,22,2455.0,15.0,p3,0
p3,7,2,23,2286.0,68.0,p3,0
p3,7,2,32,2540.0,-70.0,p3,0
p3,7,2,32,2540.0,28.0,p3,0
p3,7,2,33,2887.0,0.0,p3,0
p3,7,2,43,2592.0,-72.0,p3,0
p3,7,2,44,2656.0,0.0,p3,0
p3,7,2,44,2704.0,0.0,p3,0
p3,7,2,44,2728.0,32.0,p3,0
p3,7,2,44,2871.0,-11.0,p3,0
p3,7,2,49,2596.0,-56.0,p3,0
p3,7,2,52,2720.0,0.0,p3,0
p3,7,2,58,2689.0,-21.0,p3,0
p3,7,3,4,2802.0,0.0,p3,0
p3,7,3,8,2718.0,63.0,p3,0
p3,7,3,10,2716.0,-27.0,p3,0
p3,7,3,10,2716.0,0.0,p3,0
p3,7,3,10,2716.0,12.0,p3,0
p3,7,3,10,2716.0,27.0,p3,0
p3,7,3,16,3097.0,-21.0,p3,0
p3,7,3,16,3160.0,27.0,p3,0
p3,7,3,19,3052.0,24.0,p3,0
p3,7,3,24,2497.0,-34.0,p3,0
p3,7,3,44,3066.0,24.0,p3,0
p3,7,3,51,3284.0,-42.0,p3,0
p3,7,3,52,2862.0,48.0,p3,0
p3,7,4,4,2881.0,0.0,p3,0
p3,7,4,8,2856.0,0.0,p3,0
p3,7,4,8,3009.0,0.0,p3,0
p3,7,4,10,2800.0,-35.0,p3,0
p3,7,4,10,3308.0,-47.0,p3,0
p3,7,4,16,3314.0,0.0,p3,0
p3,7,4,19,3439.0,-60.0,p3,0
p3,7,4,44,3242.0,-9.0,p3,0
p3,7,4,44,3242.0,24.0,p3,0
p3,7,4,44,3329.0,47.0,p3,0
p3,7,4,49,3331.0,0.0,p3,0
p3,7,4,49,3383.0,0.0,p3,0
p3,7,4,51,3368.0,-23.0,p3,0
p3,7,4,51,3428.0,-15.0,p3,0
p3,7,4,57,3307.0,0.0,p3,0
p3,7,4,57,3340.0,15.0,p3,0
p3,7,4,58,3235.0,-40.0,p3,0
p3,8,0,4,2128.0,7.0,p3,0
p3,8,0,8,2092.0,17.0,p3,0
p3,8,0,8,2129.0,27.0,p3,0
p3,8,0,10,2176.0,1.0,p3,0
p3,8,0,10,2182.0,10.0,p3,0
p3,8,0,10,2226.0,0.0,p3,0
p3,8,0,14,2194.0,46.0,p3,0
p3,8,0,16,2352.0,0.0,p3,0
p3,8,0,16,2404.0,-24.0,p3,0
p3,8,0,19,2155.0,-23.0,p3,0
p3,8,0,19,2238.0,0.0,p3,0
p3,8,0,19,2238.0,72.0,p3,0
p3,8,0,22,2182.0,24.0,p3,0
p3,8,0,24,2133.0,0.0,p3,0
p3,8,0,32,2202.0,48.0,p3,0
p3,8,0,33,2202.0,0.0,p3,0
p3,8,0,33,2202.0,60.0,p3,0
p3,8,0,35,2212.0,22.0,p3,0
p3,8,0,44,2274.0,-17.0,p3,0
p3,8,0,44,2357.0,-11.0,p3,0
p3,8,0,44,2357.0,11.0,p3,0
p3,8,0,49,2232.0,-55.0,p3,0
p3,8,0,49,2232.0,-6.0,p3,0
p3,8,0,52,2280.0,-42.0,p3,0
p3,8,0,53,2238.0,-5.0,p3,0
p3,8,0,57,2516.0,0.0,p3,0
p3,8,1,8,2298.0,0.0,p3,0
p3,8,1,10,2273.0,15.0,p3,0
p3,8,1,10,2304.0,0.0,p3,0
p3,8,1,10,2329.0,-9.0,p3,0
p3,8,1,10,2354.0,-9.0,p3,0
p3,8,1,10,2392.0,0.0,p3,0
p3,8,1,16,2516.0,-22.0,p3,0
p3,8,1,19,2422.0,24.0,p3,0
p3,8,1,24,2337.0,-32.0,p3,0
p3,8,1,32,2374.0,-25.0,p3,0
p3,8,1,32,2446.0,0.0,p3,0
p3,8,1,32,2446.0,72.0,p3,0
p3,8,1,44,2536.0,24.0,p3,0
p3,8,1,57,2304.0,48.0,p3,0
p3,8,1,57,2548.0,24.0,p3,0
p3,8,1,58,2560.0,10.0,p3,0
p3,8,2,4,2548.0,0.0,p3,0
p3,8,2,8,2524.0,49.0,p3,0
p3,8,2,10,2540.0,0.0,p3,0
p3,8,2,10,2540.0,44.0,p3,0
p3,8,2,16,2548.0,24.0,p3,0
p3,8,2,16,2790.0,66.0,p3,0
p3,8,2,16,2929.0,0.0,p3,0
p3,8,2,19,2672.0,0.0,p3,0
p3,8,2,22,2424.0,-6.0,p3,0
p3,8,2,22,2455.0,-8.0,p3,0
p3,8,2,23,2286.0,68.0,p3,0
p3,8,2,32,2540.0,-70.0,p3,0
p3,8,2,32,2540.0,28.0,p3,0
p3,8,2,33,2887.0,0.0,p3,0
p3,8,2,35,2494.0,46.0,p3,0
p3,8,2,43,2592.0,0.0,p3,0
p3,8,2,44,2704.0,0.0,p3,0
p3,8,2,44,2728.0,32.0,p3,0
p3,8,2,44,2871.0,-11.0,p3,0
p3,8,2,49,2596.0,4.0,p3,0
p3,8,2,52,2720.0,0.0,p3,0
p3,8,2,58,2689.0,-21.0,p3,0
p3,8,3,4,2802.0,0.0,p3,0
p3,8,3,8,2718.0,0.0,p3,0
p3,8,3,8,2718.0,42.0,p3,0
p3,8,3,10,2645.0,0.0,p3,0
p3,8,3,10,2716.0,12.0,p3,0
p3,8,3,16,3160.0,-23.0,p3,0
p3,8,3,23,2385.0,0.0,p3,0
p3,8,3,35,2600.0,0.0,p3,0
p3,8,3,44,3066.0,0.0,p3,0
p3,8,3,49,3127.0,-61.0,p3,0
p3,8,3,49,3127.0,0.0,p3,0
p3,8,3,58,2741.0,-23.0,p3,0
p3,8,4,8,2856.0,0.0,p3,0
p3,8,4,8,2925.0,9.0,p3,0
p3,8,4,10,2800.0,0.0,p3,0
p3,8,4,16,3386.0,-7.0,p3,0
p3,8,4,19,3484.0,0.0,p3,0
p3,8,4,24,2505.0,35.0,p3,0
p3,8,4,35,3189.0,0.0,p3,0
p3,8,4,36,3432.0,-24.0,p3,0
p3,8,4,49,3383.0,0.0,p3,0
p3,8,4,49,3528.0,-67.0,p3,0
p3,8,4,52,3390.0,0.0,p3,0
p3,8,4,53,3090.0,10.0,p3,0
p3,8,4,57,3307.0,7.0,p3,0
p3,8,4,57,3340.0,15.0,p3,0
p3,8,4,58,3235.0,24.0,p3,0
p3,9,0,4,2128.0,7.0,p3,0
p3,9,0,4,2210.0,0.0,p3,0
p3,9,0,7,2169.0,3.0,p3,0
p3,9,0,8,2129.0,-18.0,p3,0
p3,9,0,8,2129.0,4.0,p3,0
p3,9,0,8,2185.0,5.0,p3,0
p3,9,0,10,2159.0,-1.0,p3,0
p3,9,0,10,2182.0,9.0,p3,0
p3,9,0,14,2194.0,46.0,p3,0
p3,9,0,16,2352.0,0.0,p3,0
p3,9,0,19,2155.0,-23.0,p3,0
p3,9,0,19,2155.0,3.0,p3,0
p3,9,0,19,2238.0,72.0,p3,0
p3,9,0,22,2182.0,0.0,p3,0
p3,9,0,22,2182.0,24.0,p3,0
p3,9,0,32,2202.0,55.0,p3,0
p3,9,0,33,2202.0,0.0,p3,0
p3,9,0,33,2202.0,60.0,p3,0
p3,9,0,35,2212.0,28.0,p3,0
p3,9,0,43,2256.0,0.0,p3,0
p3,9,0,49,2232.0,-55.0,p3,0
p3,9,0,49,2232.0,-6.0,p3,0
p3,9,0,51,2232.0,49.0,p3,0
p3,9,0,52,2280.0,-42.0,p3,0
p3,9,0,53,2238.0,-5.0,p3,0
p3,9,0,57,2516.0,2.0,p3,0
p3,9,1,4,2295.0,-70.0,p3,0
p3,9,1,8,2298.0,0.0,p3,0
p3,9,1,10,2304.0,0.0,p3,0
p3,9,1,10,2354.0,0.0,p3,0
p3,9,1,16,2516.0,0.0,p3,0
p3,9,1,16,2526.0,0.0,p3,0
p3,9,1,19,2422.0,-38.0,p3,0
p3,9,1,19,2422.0,72.0,p3,0
p3,9,1,24,2337.0,-32.0,p3,0
p3,9,1,32,2374.0,-25.0,p3,0
p3,9,1,32,2374.0,-3.0,p3,0
p3,9,1,32,2446.0,0.0,p3,0
p3,9,1,36,2424.0,0.0,p3,0
p3,9,1,44,2441.0,24.0,p3,0
p3,9,1,44,2536.0,72.0,p3,0
p3,9,1,49,2470.0,0.0,p3,0
p3,9,1,51,2552.0,-58.0,p3,0
p3,9,1,57,2304.0,48.0,p3,0
p3,9,1,58,2560.0,10.0,p3,0
p3,9,2,4,2548.0,0.0,p3,0
p3,9,2,8,2524.0,49.0,p3,0
p3,9,2,10,2398.0,4.0,p3,0
p3,9,2,10,2432.0,0.0,p3,0
p3,9,2,10,2540.0,44.0,p3,0
p3,9,2,14,2470.0,70.0,p3,0
p3,9,2,16,2548.0,24.0,p3,0
p3,9,2,16,2790.0,66.0,p3,0
p3,9,2,16,2929.0,0.0,p3,0
p3,9,2,19,2672.0,0.0,p3,0
p3,9,2,22,2424.0,-6.0,p3,0
p3,9,2,22,2455.0,-8.0,p3,0
p3,9,2,23,2286.0,68.0,p3,0
p3,9,2,24,2380.0,15.0,p3,0
p3,9,2,32,2540.0,28.0,p3,0
p3,9,2,33,2887.0,0.0,p3,0
p3,9,2,35,2494.0,46.0,p3,0
p3,9,2,44,2704.0,0.0,p3,0
p3,9,2,44,2728.0,32.0,p3,0
p3,9,2,44,2871.0,-11.0,p3,0
p3,9,2,58,2689.0,-21.0,p3,0
p3,9,3,4,2802.0,0.0,p3,0
p3,9,3,8,2718.0,0.0,p3,0
p3,9,3,10,2716.0,0.0,p3,0
p3,9,3,16,3097.0,-21.0,p3,0
p3,9,3,16,3160.0,27.0,p3,0
p3,9,3,23,2385.0,0.0,p3,0
p3,9,3,35,2600.0,68.0,p3,0
p3,9,3,44,3066.0,0.0,p3,0
p3,9,3,52,3266.0,0.0,p3,0
p3,9,4,4,2881.0,0.0,p3,0
p3,9,4,7,2540.0,52.0,p3,0
p3,9,4,8,2856.0,0.0,p3,0
p3,9,4,8,2925.0,9.0,p3,0
p3,9,4,10,2934.0,23.0,p3,0
p3,9,4,16,3314.0,-7.0,p3,0
p3,9,4,19,3439.0,-60.0,p3,0
p3,9,4,24,2505.0,0.0,p3,0
p3,9,4,32,3074.0,64.0,p3,0
p3,9,4,44,3242.0,24.0,p3,0
p3,9,4,44,3329.0,-24.0,p3,0
p3,9,4,44,3329.0,26.0,p3,0
p3,9,4,49,3383.0,53.0,p3,0
p3,9,4,53,3285.0,0.0,p3,0
p3,9,4,57,3340.0,15.0,p3,0
p3,9,4,58,3285.0,5.0,p3,0
p3_h1,0,0,4,2128.0,0.0,p3,1
p3_h1,0,0,8,2092.0,17.0,p3,1
p3_h1,0,0,8,2129.0,-18.0,p3,1
p3_h1,0,0,8,2129.0,0.0,p3,1
p3_h1,0,0,10,2159.0,0.0,p3,1
p3_h1,0,0,14,2194.0,46.0,p3,1
p3_h1,0,0,16,2254.0,27.0,p3,1
p3_h1,0,0,16,2352.0,3.0,p3,1
p3_h1,0,0,22,2182.0,30.0,p3,1
p3_h1,0,0,32,2286.0,-36.0,p3,1
p3_h1,0,0,33,2134.0,24.0,p3,1
p3_h1,0,0,33,2202.0,0.0,p3,1
p3_h1,0,0,36,2304.0,-24.0,p3,1
p3_h1,0,0,51,2232.0,6.0,p3,1
p3_h1,0,0,52,2158.0,24.0,p3,1
p3_h1,0,0,53,2238.0,-5.0,p3,1
p3_h1,0,0,57,2229.0,0.0,p3,1
p3_h1,0,0,57,2229.0,28.0,p3,1
p3_h1,0,0,57,2229.0,51.0,p3,1
p3_h1,0,0,57,2516.0,2.0,p3,1
p3_h1,0,1,4,2210.0,37.0,p3,1
p3_h1,0,1,4,2447.0,0.0,p3,1
p3_h1,0,1,8,2410.0,-12.0,p3,1
p3_h1,0,1,8,2410.0,17.0,p3,1
p3_h1,0,1,8,2450.0,4.0,p3,1
p3_h1,0,1,10,2304.0,0.0,p3,1
p3_h1,0,1,10,2354.0,0.0,p3,1
p3_h1,0,1,16,2496.0,-25.0,p3,1
p3_h1,0,1,24,2305.0,7.0,p3,1
p3_h1,0,1,32,2374.0,-25.0,p3,1
p3_h1,0,1,32,2374.0,-3.0,p3,1
p3_h1,0,1,32,2503.0,-8.0,p3,1
p3_h1,0,1,32,2503.0,15.0,p3,1
p3_h1,0,1,36,2568.0,24.0,p3,1
p3_h1,0,1,44,2491.0,0.0,p3,1
p3_h1,0,1,44,2560.0,48.0,p3,1
p3_h1,0,1,49,2372.0,-66.0,p3,1
p3_h1,0,1,49,2372.0,0.0,p3,1
p3_h1,0,1,53,2386.0,0.0,p3,1
p3_h1,0,1,57,2572.0,0.0,p3,1
p3_h1,0,1,58,2560.0,10.0,p3,1
p3_h1,0,1,58,2560.0,36.0,p3,1
p3_h1,0,2,4,2764.0,-69.0,p3,1
p3_h1,0,2,8,2524.0,0.0,p3,1
p3_h1,0,2,10,2394.0,-16.0,p3,1
p3_h1,0,2,10,2427.0,0.0,p3,1
p3_h1,0,2,10,2432.0,10.0,p3,1
p3_h1,0,2,10,2470.0,25.0,p3,1
p3_h1,0,2,10,2540.0,0.0,p3,1
p3_h1,0,2,14,2446.0,24.0,p3,1
p3_h1,0,2,14,2446.0,72.0,p3,1
p3_h1,0,2,16,2929.0,-49.0,p3,1
p3_h1,0,2,16,2929.0,0.0,p3,1
p3_h1,0,2,19,2549.0,24.0,p3,1
p3_h1,0,2,22,2455.0,-8.0,p3,1
p3_h1,0,2,23,2354.0,0.0,p3,1
p3_h1,0,2,32,2540.0,28.0,p3,1
p3_h1,0,2,33,2422.0,0.0,p3,1
p3_h1,0,2,35,2540.0,-22.0,p3,1
p3_h1,0,2,35,2597.0,0.0,p3,1
p3_h1,0,2,44,2728.0,-10.0,p3,1
p3_h1,0,2,44,2728.0,32.0,p3,1
p3_h1,0,2,44,2884.0,-24.0,p3,1
p3_h1,0,2,49,2558.0,-18.0,p3,1
p3_h1,0,2,52,2720.0,0.0,p3,1
p3_h1,0,2,57,2548.0,34.0,p3,1
p3_h1,0,2,58,2520.0,-50.0,p3,1
p3_h1,0,3,4,2552.0,0.0,p3,1
p3_h1,0,3,8,2684.0,0.0,p3,1
p3_h1,0,3,8,2684.0,51.0,p3,1
p3_h1,0,3,10,2645.0,-1.0,p3,1
p3_h1,0,3,10,2645.0,20.0,p3,1
p3_h1,0,3,10,2716.0,-27.0,p3,1
p3_h1,0,3,10,2716.0,-2.0,p3,1
p3_h1,0,3,16,3000.0,-6.0,p3,1
p3_h1,0,3,16,3000.0,29.0,p3,1
p3_h1,0,3,22,2495.0,22.0,p3,1
p3_h1,0,3,23,2385.0,37.0,p3,1
p3_h1,0,3,32,2572.0,4.0,p3,1
p3_h1,0,3,33,2471.0,-25.0,p3,1
p3_h1,0,3,35,2714.0,-71.0,p3,1
p3_h1,0,3,43,2904.0,0.0,p3,1
p3_h1,0,3,44,3088.0,-60.0,p3,1
p3_h1,0,3,52,2862.0,48.0,p3,1
p3_h1,0,3,58,3067.0,-11.0,p3,1
p3_h1,0,4,10,2743.0,18.0,p3,1
p3_h1,0,4,10,2802.0,0.0,p3,1
p3_h1,0,4,10,2852.0,0.0,p3,1
p3_h1,0,4,16,3314.0,-7.0,p3,1
p3_h1,0,4,16,3436.0,-23.0,p3,1
p3_h1,0,4,19,3271.0,19.0,p3,1
p3_h1,0,4,19,3379.0,-11.0,p3,1
p3_h1,0,4,33,2577.0,-37.0,p3,1
p3_h1,0,4,33,3283.0,31.0,p3,1
p3_h1,0,4,44,3209.0,57.0,p3,1
p3_h1,0,4,44,3329.0,-24.0,p3,1
p3_h1,0,4,44,3329.0,60.0,p3,1
p3_h1,0,4,58,3235.0,0.0,p3,1
p3_h1,1,0,4,2232.0,-49.0,p3,1
p3_h1,1,0,8,2129.0,0.0,p3,1
p3_h1,1,0,8,2129.0,27.0,p3,1
p3_h1,1,0,8,2185.0,0.0,p3,1
p3_h1,1,0,10,2182.0,0.0,p3,1
p3_h1,1,0,10,2182.0,18.0,p3,1
p3_h1,1,0,10,2226.0,6.0,p3,1
p3_h1,1,0,14,2194.0,38.0,p3,1
p3_h1,1,0,19,2155.0,-23.0,p3,1
p3_h1,1,0,19,2286.0,-54.0,p3,1
p3_h1,1,0,19,2286.0,0.0,p3,1
p3_h1,1,0,19,2286.0,51.0,p3,1
p3_h1,1,0,22,2182.0,0.0,p3,1
p3_h1,1,0,24,2133.0,-12.0,p3,1
p3_h1,1,0,32,2202.0,-23.0,p3,1
p3_h1,1,0,32,2286.0,-29.0,p3,1
p3_h1,1,0,33,2202.0,0.0,p3,1
p3_h1,1,0,35,2212.0,22.0,p3,1
p3_h1,1,0,44,2274.0,0.0,p3,1
p3_h1,1,0,44,2320.0,-7.0,p3,1
p3_h1,1,0,44,2357.0,15.0,p3,1
p3_h1,1,0,44,2392.0,0.0,p3,1
p3_h1,1,0,49,2258.0,50.0,p3,1
p3_h1,1,0,51,2232.0,49.0,p3,1
p3_h1,1,0,52,2280.0,-42.0,p3,1
p3_h1,1,0,53,2238.0,0.0,p3,1
p3_h1,1,0,57,2516.0,-22.0,p3,1
p3_h1,1,0,58,2256.0,-18.0,p3,1
p3_h1,1,1,4,2210.0,0.0,p3,1
p3_h1,1,1,8,2410.0,-12.0,p3,1
p3_h1,1,1,8,2410.0,17.0,p3,1
p3_h1,1,1,8,2450.0,4.0,p3,1
p3_h1,1,1,10,2264.0,0.0,p3,1
p3_h1,1,1,10,2280.0,1.0,p3,1
p3_h1,1,1,10,2329.0,-9.0,p3,1
p3_h1,1,1,10,2354.0,0.0,p3,1
p3_h1,1,1,16,2526.0,-10.0,p3,1
p3_h1,1,1,16,2526.0,0.0,p3,1
p3_h1,1,1,19,2398.0,48.0,p3,1
p3_h1,1,1,19,2494.0,0.0,p3,1
p3_h1,1,1,22,2304.0,50.0,p3,1
p3_h1,1,1,24,2305.0,-3.0,p3,1
p3_h1,1,1,32,2503.0,15.0,p3,1
p3_h1,1,1,44,2491.0,0.0,p3,1
p3_h1,1,1,44,2560.0,48.0,p3,1
p3_h1,1,1,49,2470.0,0.0,p3,1
p3_h1,1,1,52,2304.0,68.0,p3,1
p3_h1,1,1,53,2386.0,0.0,p3,1
p3_h1,1,1,57,2286.0,66.0,p3,1
p3_h1,1,1,57,2572.0,0.0,p3,1
p3_h1,1,1,58,2560.0,0.0,p3,1
p3_h1,1,1,58,2560.0,24.0,p3,1
p3_h1,1,2,8,2524.0,0.0,p3,1
p3_h1,1,2,10,2470.0,0.0,p3,1
p3_h1,1,2,10,2540.0,0.0,p3,1
p3_h1,1,2,14,2446.0,24.0,p3,1
p3_h1,1,2,14,2446.0,72.0,p3,1
p3_h1,1,2,16,2929.0,-53.0,p3,1
p3_h1,1,2,16,2929.0,-32.0,p3,1
p3_h1,1,2,19,2549.0,24.0,p3,1
p3_h1,1,2,19,2778.0,24.0,p3,1
p3_h1,1,2,22,2455.0,-8.0,p3,1
p3_h1,1,2,23,2354.0,0.0,p3,1
p3_h1,1,2,32,2540.0,28.0,p3,1
p3_h1,1,2,33,2422.0,0.0,p3,1
p3_h1,1,2,35,2540.0,-22.0,p3,1
p3_h1,1,2,35,2597.0,0.0,p3,1
p3_h1,1,2,44,2728.0,48.0,p3,1
p3_h1,1,2,44,2884.0,-59.0,p3,1
p3_h1,1,2,49,2558.0,-18.0,p3,1
p3_h1,1,2,52,2720.0,0.0,p3,1
p3_h1,1,2,57,2548.0,34.0,p3,1
p3_h1,1,3,4,2552.0,0.0,p3,1
p3_h1,1,3,8,2684.0,51.0,p3,1
p3_h1,1,3,10,2645.0,-1.0,p3,1
p3_h1,1,3,10,2645.0,20.0,p3,1
p3_h1,1,3,10,2716.0,-27.0,p3,1
p3_h1,1,3,10,2716.0,-21.0,p3,1
p3_h1,1,3,16,3000.0,-6.0,p3,1
p3_h1,1,3,16,3000.0,29.0,p3,1
p3_h1,1,3,16,3097.0,-31.0,p3,1
p3_h1,1,3,16,3097.0,4.0,p3,1
p3_h1,1,3,16,3242.0,0.0,p3,1
p3_h1,1,3,19,3052.0,15.0,p3,1
p3_h1,1,3,23,2385.0,14.0,p3,1
p3_h1,1,3,32,2572.0,24.0,p3,1
p3_h1,1,3,33,2471.0,-25.0,p3,1
p3_h1,1,3,58,2689.0,0.0,p3,1
p3_h1,1,3,58,3067.0,-11.0,p3,1
p3_h1,1,4,4,2877.0,8.0,p3,1
p3_h1,1,4,8,3009.0,42.0,p3,1
p3_h1,1,4,10,2802.0,0.0,p3,1
p3_h1,1,4,10,2852.0,0.0,p3,1
p3_h1,1,4,16,3314.0,-7.0,p3,1
p3_h1,1,4,16,3436.0,-23.0,p3,1
p3_h1,1,4,19,3379.0,0.0,p3,1
p3_h1,1,4,19,3379.0,24.0,p3,1
p3_h1,1,4,33,2577.0,19.0,p3,1
p3_h1,1,4,33,3283.0,0.0,p3,1
p3_h1,1,4,44,3329.0,-48.0,p3,1
p3_h1,1,4,44,3329.0,-24.0,p3,1
p3_h1,1,4,44,3329.0,60.0,p3,1
p3_h1,1,4,49,3331.0,25.0,p3,1
p3_h1,1,4,51,3368.0,23.0,p3,1
p3_h1,1,4,58,3235.0,-40.0,p3,1
p3_h1,1,4,58,3285.0,0.0,p3,1
p3_h1,2,0,4,2232.0,-7.0,p3,1
p3_h1,2,0,8,2129.0,0.0,p3,1
p3_h1,2,0,8,2129.0,27.0,p3,1
p3_h1,2,0,8,2185.0,0.0,p3,1
p3_h1,2,0,10,2159.0,5.0,p3,1
p3_h1,2,0,10,2182.0,0.0,p3,1
p3_h1,2,0,10,2226.0,0.0,p3,1
p3_h1,2,0,16,2254.0,2.0,p3,1
p3_h1,2,0,16,2352.0,21.0,p3,1
p3_h1,2,0,16,2404.0,-2.0,p3,1
p3_h1,2,0,19,2155.0,-23.0,p3,1
p3_h1,2,0,19,2155.0,60.0,p3,1
p3_h1,2,0,19,2286.0,24.0,p3,1
p3_h1,2,0,22,2182.0,-2.0,p3,1
p3_h1,2,0,23,2118.0,40.0,p3,1
p3_h1,2,0,24,2133.0,-12.0,p3,1
p3_h1,2,0,32,2202.0,-23.0,p3,1
p3_h1,2,0,32,2286.0,41.0,p3,1
p3_h1,2,0,33,2202.0,0.0,p3,1
p3_h1,2,0,35,2212.0,22.0,p3,1
p3_h1,2,0,44,2274.0,-2.0,p3,1
p3_h1,2,0,44,2392.0,0.0,p3,1
p3_h1,2,0,49,2232.0,-50.0,p3,1
p3_h1,2,0,49,2232.0,-6.0,p3,1
p3_h1,2,0,49,2258.0,0.0,p3,1
p3_h1,2,0,51,2232.0,31.0,p3,1
p3_h1,2,0,57,2516.0,2.0,p3,1
p3_h1,2,0,58,2183.0,0.0,p3,1
p3_h1,2,0,58,2256.0,0.0,p3,1
p3_h1,2,1,4,2210.0,37.0,p3,1
p3_h1,2,1,4,2447.0,0.0,p3,1
p3_h1,2,1,8,2410.0,-12.0,p3,1
p3_h1,2,1,8,2410.0,17.0,p3,1
p3_h1,2,1,8,2450.0,4.0,p3,1
p3_h1,2,1,10,2304.0,0.0,p3,1
p3_h1,2,1,10,2354.0,0.0,p3,1
p3_h1,2,1,14,2280.0,34.0,p3,1
p3_h1,2,1,16,2496.0,-25.0,p3,1
p3_h1,2,1,19,2398.0,-26.0,p3,1
p3_h1,2,1,24,2305.0,0.0,p3,1
p3_h1,2,1,35,2470.0,0.0,p3,1
p3_h1,2,1,36,2568.0,0.0,p3,1
p3_h1,2,1,44,2423.0,0.0,p3,1
p3_h1,2,1,44,2491.0,0.0,p3,1
p3_h1,2,1,44,2560.0,48.0,p3,1
p3_h1,2,1,49,2372.0,0.0,p3,1
p3_h1,2,1,53,2386.0,0.0,p3,1
p3_h1,2,1,57,2286.0,66.0,p3,1
p3_h1,2,1,57,2572.0,0.0,p3,1
p3_h1,2,1,58,2560.0,36.0,p3,1
p3_h1,2,2,8,2524.0,0.0,p3,1
p3_h1,2,2,10,2394.0,-16.0,p3,1
p3_h1,2,2,10,2540.0,0.0,p3,1
p3_h1,2,2,14,2446.0,24.0,p3,1
p3_h1,2,2,14,2446.0,72.0,p3,1
p3_h1,2,2,16,2929.0,-53.0,p3,1
p3_h1,2,2,19,2549.0,24.0,p3,1
p3_h1,2,2,22,2455.0,-8.0,p3,1
p3_h1,2,2,32,2540.0,28.0,p3,1
p3_h1,2,2,33,2422.0,0.0,p3,1
p3_h1,2,2,35,2540.0,-22.0,p3,1
p3_h1,2,2,35,2597.0,0.0,p3,1
p3_h1,2,2,44,2884.0,-24.0,p3,1
p3_h1,2,2,49,2558.0,-18.0,p3,1
p3_h1,2,2,52,2720.0,0.0,p3,1
p3_h1,2,2,57,2548.0,34.0,p3,1
p3_h1,2,3,10,2645.0,0.0,p3,1
p3_h1,2,3,10,2716.0,-21.0,p3,1
p3_h1,2,3,10,2716.0,-2.0,p3,1
p3_h1,2,3,10,2716.0,3.0,p3,1
p3_h1,2,3,16,3000.0,17.0,p3,1
p3_h1,2,3,22,2495.0,24.0,p3,1
p3_h1,2,3,22,2495.0,49.0,p3,1
p3_h1,2,3,32,2572.0,0.0,p3,1
p3_h1,2,3,32,2572.0,24.0,p3,1
p3_h1,2,3,32,2791.0,-36.0,p3,1
p3_h1,2,3,44,3088.0,-71.0,p3,1
p3_h1,2,3,44,3088.0,25.0,p3,1
p3_h1,2,3,49,3127.0,0.0,p3,1
p3_h1,2,3,52,2862.0,26.0,p3,1
p3_h1,2,3,58,3067.0,-11.0,p3,1
p3_h1,2,4,4,2877.0,0.0,p3,1
p3_h1,2,4,8,2417.0,-32.0,p3,1
p3_h1,2,4,8,2925.0,9.0,p3,1
p3_h1,2,4,10,2743.0,18.0,p3,1
p3_h1,2,4,10,2800.0,0.0,p3,1
p3_h1,2,4,10,2934.0,0.0,p3,1
p3_h1,2,4,16,3314.0,-7.0,p3,1
p3_h1,2,4,16,3363.0,-7.0,p3,1
p3_h1,2,4,16,3436.0,-9.0,p3,1
p3_h1,2,4,19,3271.0,19.0,p3,1
p3_h1,2,4,19,3379.0,24.0,p3,1
p3_h1,2,4,19,3484.0,-8.0,p3,1
p3_h1,2,4,33,2577.0,-37.0,p3,1
p3_h1,2,4,33,2577.0,19.0,p3,1
p3_h1,2,4,33,3283.0,0.0,p3,1
p3_h1,2,4,35,3091.0,-22.0,p3,1
p3_h1,2,4,44,3329.0,-48.0,p3,1
p3_h1,2,4,44,3329.0,-24.0,p3,1
p3_h1,2,4,44,3329.0,47.0,p3,1
p3_h1,2,4,52,3283.0,0.0,p3,1
p3_h1,3,0,4,2232.0,-7.0,p3,1
p3_h1,3,0,8,2092.0,17.0,p3,1
p3_h1,3,0,8,2129.0,4.0,p3,1
p3_h1,3,0,10,2176.0,1.0,p3,1
p3_h1,3,0,10,2226.0,0.0,p3,1
p3_h1,3,0,16,2352.0,23.0,p3,1
p3_h1,3,0,16,2404.0,18.0,p3,1
p3_h1,3,0,19,2155.0,-23.0,p3,1
p3_h1,3,0,19,2155.0,60.0,p3,1
p3_h1,3,0,19,2286.0,24.0,p3,1
p3_h1,3,0,22,2182.0,-2.0,p3,1
p3_h1,3,0,22,2182.0,30.0,p3,1
p3_h1,3,0,23,2118.0,40.0,p3,1
p3_h1,3,0,24,2133.0,0.0,p3,1
p3_h1,3,0,32,2202.0,-23.0,p3,1
p3_h1,3,0,32,2286.0,-36.0,p3,1
p3_h1,3,0,33,2202.0,0.0,p3,1
p3_h1,3,0,44,2274.0,-2.0,p3,1
p3_h1,3,0,44,2274.0,3.0,p3,1
p3_h1,3,0,49,2232.0,-50.0,p3,1
p3_h1,3,0,49,2232.0,-6.0,p3,1
p3_h1,3,0,49,2258.0,50.0,p3,1
p3_h1,3,0,51,2232.0,31.0,p3,1
p3_h1,3,0,52,2280.0,-42.0,p3,1
p3_h1,3,0,52,2280.0,0.0,p3,1
p3_h1,3,0,53,2238.0,0.0,p3,1
p3_h1,3,0,57,2516.0,21.0,p3,1
p3_h1,3,0,58,2183.0,-49.0,p3,1
p3_h1,3,1,4,2210.0,37.0,p3,1
p3_h1,3,1,4,2447.0,0.0,p3,1
p3_h1,3,1,8,2410.0,-12.0,p3,1
p3_h1,3,1,8,2410.0,17.0,p3,1
p3_h1,3,1,8,2450.0,4.0,p3,1
p3_h1,3,1,10,2264.0,0.0,p3,1
p3_h1,3,1,10,2280.0,0.0,p3,1
p3_h1,3,1,10,2329.0,7.0,p3,1
p3_h1,3,1,14,2280.0,34.0,p3,1
p3_h1,3,1,16,2526.0,-10.0,p3,1
p3_h1,3,1,16,2526.0,0.0,p3,1
p3_h1,3,1,16,2600.0,12.0,p3,1
p3_h1,3,1,16,2600.0,32.0,p3,1
p3_h1,3,1,19,2398.0,48.0,p3,1
p3_h1,3,1,19,2494.0,0.0,p3,1
p3_h1,3,1,22,2304.0,50.0,p3,1
p3_h1,3,1,24,2305.0,-3.0,p3,1
p3_h1,3,1,32,2374.0,-25.0,p3,1
p3_h1,3,1,32,2374.0,-3.0,p3,1
p3_h1,3,1,32,2503.0,15.0,p3,1
p3_h1,3,1,36,2568.0,24.0,p3,1
p3_h1,3,1,44,2491.0,0.0,p3,1
p3_h1,3,1,49,2470.0,0.0,p3,1
p3_h1,3,1,53,2386.0,0.0,p3,1
p3_h1,3,1,57,2286.0,66.0,p3,1
p3_h1,3,1,57,2572.0,0.0,p3,1
p3_h1,3,2,4,2764.0,-69.0,p3,1
p3_h1,3,2,8,2524.0,0.0,p3,1
p3_h1,3,2,10,2394.0,-16.0,p3,1
p3_h1,3,2,10,2540.0,-18.0,p3,1
p3_h1,3,2,14,2446.0,48.0,p3,1
p3_h1,3,2,16,2929.0,-49.0,p3,1
p3_h1,3,2,19,2549.0,24.0,p3,1
p3_h1,3,2,22,2424.0,-6.0,p3,1
p3_h1,3,2,22,2424.0,7.0,p3,1
p3_h1,3,2,23,2354.0,0.0,p3,1
p3_h1,3,2,24,2380.0,-20.0,p3,1
p3_h1,3,2,32,2446.0,-27.0,p3,1
p3_h1,3,2,32,2446.0,19.0,p3,1
p3_h1,3,2,32,2683.0,-37.0,p3,1
p3_h1,3,2,33,2422.0,0.0,p3,1
p3_h1,3,2,35,2540.0,0.0,p3,1
p3_h1,3,2,44,2656.0,0.0,p3,1
p3_h1,3,2,44,2728.0,-10.0,p3,1
p3_h1,3,2,44,2728.0,32.0,p3,1
p3_h1,3,2,44,2884.0,-24.0,p3,1
p3_h1,3,2,49,2558.0,-40.0,p3,1
p3_h1,3,2,49,2558.0,18.0,p3,1
p3_h1,3,2,57,2548.0,34.0,p3,1
p3_h1,3,2,58,2384.0,62.0,p3,1
p3_h1,3,3,8,2684.0,34.0,p3,1
p3_h1,3,3,8,2684.0,51.0,p3,1
p3_h1,3,3,10,2645.0,-1.0,p3,1
p3_h1,3,3,10,2645.0,35.0,p3,1
p3_h1,3,3,10,2716.0,-2.0,p3,1
p3_h1,3,3,10,2716.0,12.0,p3,1
p3_h1,3,3,16,3097.0,-33.0,p3,1
p3_h1,3,3,16,3097.0,0.0,p3,1
p3_h1,3,3,19,3052.0,0.0,p3,1
p3_h1,3,3,24,2497.0,-34.0,p3,1
p3_h1,3,3,24,2497.0,-5.0,p3,1
p3_h1,3,3,32,2572.0,24.0,p3,1
p3_h1,3,3,32,2791.0,65.0,p3,1
p3_h1,3,3,33,2471.0,-20.0,p3,1
p3_h1,3,3,43,2904.0,0.0,p3,1
p3_h1,3,3,44,3242.0,-70.0,p3,1
p3_h1,3,3,49,2998.0,0.0,p3,1
p3_h1,3,3,58,2689.0,0.0,p3,1
p3_h1,3,4,8,2417.0,-32.0,p3,1
p3_h1,3,4,8,2925.0,-49.0,p3,1
p3_h1,3,4,10,2802.0,0.0,p3,1
p3_h1,3,4,14,2862.0,14.0,p3,1
p3_h1,3,4,16,3314.0,-7.0,p3,1
p3_h1,3,4,16,3386.0,0.0,p3,1
p3_h1,3,4,19,3379.0,-11.0,p3,1
p3_h1,3,4,19,3379.0,24.0,p3,1
p3_h1,3,4,33,2577.0,-37.0,p3,1
p3_h1,3,4,44,3209.0,57.0,p3,1
p3_h1,3,4,44,3329.0,-24.0,p3,1
p3_h1,3,4,44,3329.0,26.0,p3,1
p3_h1,3,4,49,3331.0,-17.0,p3,1
p3_h1,3,4,49,3331.0,25.0,p3,1
p3_h1,3,4,51,3284.0,30.0,p3,1
p3_h1,3,4,52,3283.0,0.0,p3,1
p3_h1,3,4,57,3340.0,-33.0,p3,1
p3_h1,3,4,58,3285.0,0.0,p3,1
p3_h1,4,0,8,2129.0,-16.0,p3,1
p3_h1,4,0,8,2129.0,27.0,p3,1
p3_h1,4,0,8,2185.0,0.0,p3,1
p3_h1,4,0,10,2226.0,0.0,p3,1
p3_h1,4,0,16,2352.0,3.0,p3,1
p3_h1,4,0,16,2404.0,-2.0,p3,1
p3_h1,4,0,16,2404.0,16.0,p3,1
p3_h1,4,0,19,2155.0,-21.0,p3,1
p3_h1,4,0,19,2155.0,3.0,p3,1
p3_h1,4,0,19,2286.0,-54.0,p3,1
p3_h1,4,0,32,2202.0,-23.0,p3,1
p3_h1,4,0,33,2202.0,-20.0,p3,1
p3_h1,4,0,35,2212.0,22.0,p3,1
p3_h1,4,0,43,2256.0,48.0,p3,1
p3_h1,4,0,44,2320.0,-7.0,p3,1
p3_h1,4,0,44,2357.0,-11.0,p3,1
p3_h1,4,0,52,2280.0,-48.0,p3,1
p3_h1,4,0,57,2229.0,0.0,p3,1
p3_h1,4,0,58,2256.0,-18.0,p3,1
p3_h1,4,1,4,2210.0,37.0,p3,1
p3_h1,4,1,4,2447.0,0.0,p3,1
p3_h1,4,1,10,2280.0,1.0,p3,1
p3_h1,4,1,10,2304.0,7.0,p3,1
p3_h1,4,1,14,2280.0,34.0,p3,1
p3_h1,4,1,16,2426.0,21.0,p3,1
p3_h1,4,1,16,2526.0,-8.0,p3,1
p3_h1,4,1,16,2600.0,32.0,p3,1
p3_h1,4,1,16,2600.0,46.0,p3,1
p3_h1,4,1,19,2398.0,48.0,p3,1
p3_h1,4,1,19,2494.0,0.0,p3,1
p3_h1,4,1,22,2261.0,15.0,p3,1
p3_h1,4,1,24,2305.0,-3.0,p3,1
p3_h1,4,1,32,2374.0,11.0,p3,1
p3_h1,4,1,32,2503.0,0.0,p3,1
p3_h1,4,1,36,2568.0,24.0,p3,1
p3_h1,4,1,44,2491.0,0.0,p3,1
p3_h1,4,1,44,2560.0,48.0,p3,1
p3_h1,4,1,51,2552.0,-3.0,p3,1
p3_h1,4,1,52,2304.0,68.0,p3,1
p3_h1,4,1,53,2386.0,0.0,p3,1
p3_h1,4,1,57,2286.0,24.0,p3,1
p3_h1,4,1,57,2572.0,0.0,p3,1
p3_h1,4,1,58,2280.0,6.0,p3,1
p3_h1,4,2,4,2764.0,-69.0,p3,1
p3_h1,4,2,8,2524.0,0.0,p3,1
p3_h1,4,2,10,2470.0,0.0,p3,1
p3_h1,4,2,10,2540.0,0.0,p3,1
p3_h1,4,2,16,2929.0,-53.0,p3,1
p3_h1,4,2,16,2929.0,0.0,p3,1
p3_h1,4,2,19,2549.0,24.0,p3,1
p3_h1,4,2,19,2672.0,47.0,p3,1
p3_h1,4,2,19,2778.0,24.0,p3,1
p3_h1,4,2,23,2354.0,0.0,p3,1
p3_h1,4,2,24,2380.0,15.0,p3,1
p3_h1,4,2,32,2446.0,24.0,p3,1
p3_h1,4,2,32,2540.0,8.0,p3,1
p3_h1,4,2,32,2540.0,28.0,p3,1
p3_h1,4,2,33,2422.0,0.0,p3,1
p3_h1,4,2,44,2536.0,10.0,p3,1
p3_h1,4,2,49,2558.0,-18.0,p3,1
p3_h1,4,2,51,2596.0,5.0,p3,1
p3_h1,4,2,52,2720.0,0.0,p3,1
p3_h1,4,2,57,2548.0,34.0,p3,1
p3_h1,4,2,58,2384.0,62.0,p3,1
p3_h1,4,2,58,2802.0,50.0,p3,1
p3_h1,4,3,7,2443.0,1.0,p3,1
p3_h1,4,3,8,2684.0,0.0,p3,1
p3_h1,4,3,8,2684.0,51.0,p3,1
p3_h1,4,3,10,2645.0,-1.0,p3,1
p3_h1,4,3,10,2645.0,20.0,p3,1
p3_h1,4,3,10,2716.0,-27.0,p3,1
p3_h1,4,3,16,3000.0,-6.0,p3,1
p3_h1,4,3,16,3097.0,-45.0,p3,1
p3_h1,4,3,16,3097.0,-31.0,p3,1
p3_h1,4,3,16,3097.0,0.0,p3,1
p3_h1,4,3,16,3242.0,0.0,p3,1
p3_h1,4,3,23,2385.0,0.0,p3,1
p3_h1,4,3,32,2572.0,0.0,p3,1
p3_h1,4,3,32,2572.0,24.0,p3,1
p3_h1,4,3,32,2791.0,65.0,p3,1
p3_h1,4,3,33,2471.0,-20.0,p3,1
p3_h1,4,3,43,2904.0,24.0,p3,1
p3_h1,4,3,44,3088.0,0.0,p3,1
p3_h1,4,3,51,2904.0,53.0,p3,1
p3_h1,4,3,52,2862.0,-5.0,p3,1
p3_h1,4,3,58,3067.0,-11.0,p3,1
p3_h1,4,4,8,2417.0,-32.0,p3,1
p3_h1,4,4,8,2925.0,9.0,p3,1
p3_h1,4,4,10,2743.0,18.0,p3,1
p3_h1,4,4,10,2800.0,0.0,p3,1
p3_h1,4,4,10,2934.0,0.0,p3,1
p3_h1,4,4,14,2862.0,22.0,p3,1
p3_h1,4,4,16,3314.0,-7.0,p3,1
p3_h1,4,4,16,3436.0,-9.0,p3,1
p3_h1,4,4,19,3271.0,19.0,p3,1
p3_h1,4,4,19,3379.0,24.0,p3,1
p3_h1,4,4,19,3484.0,-8.0,p3,1
p3_h1,4,4,33,2577.0,-37.0,p3,1
p3_h1,4,4,44,3209.0,47.0,p3,1
p3_h1,4,4,44,3329.0,-48.0,p3,1
p3_h1,4,4,44,3329.0,-24.0,p3,1
p3_h1,4,4,51,3284.0,30.0,p3,1
p3_h1,4,4,51,3368.0,0.0,p3,1
p3_h1,4,4,52,3283.0,25.0,p3,1
p3_h1,4,4,53,3266.0,0.0,p3,1
p3_h1,4,4,57,3340.0,-57.0,p3,1
p3_h1,4,4,57,3340.0,0.0,p3,1
p3_h2,0,0,4,2128.0,30.0,p3,2
p3_h2,0,0,4,2210.0,0.0,p3,2
p3_h2,0,0,7,2169.0,12.0,p3,2
p3_h2,0,0,8,2129.0,27.0,p3,2
p3_h2,0,0,10,2176.0,0.0,p3,2
p3_h2,0,0,10,2226.0,0.0,p3,2
p3_h2,0,0,16,2254.0,0.0,p3,2
p3_h2,0,0,16,2254.0,24.0,p3,2
p3_h2,0,0,16,2404.0,-9.0,p3,2
p3_h2,0,0,19,2286.0,24.0,p3,2
p3_h2,0,0,22,2182.0,-2.0,p3,2
p3_h2,0,0,22,2182.0,30.0,p3,2
p3_h2,0,0,23,2114.0,4.0,p3,2
p3_h2,0,0,23,2114.0,39.0,p3,2
p3_h2,0,0,24,2133.0,0.0,p3,2
p3_h2,0,0,32,2202.0,-23.0,p3,2
p3_h2,0,0,33,2202.0,0.0,p3,2
p3_h2,0,0,33,2310.0,-5.0,p3,2
p3_h2,0,0,35,2212.0,22.0,p3,2
p3_h2,0,0,49,2232.0,-6.0,p3,2
p3_h2,0,0,49,2280.0,0.0,p3,2
p3_h2,0,0,52,2280.0,0.0,p3,2
p3_h2,0,0,57,2229.0,28.0,p3,2
p3_h2,0,0,58,2183.0,-25.0,p3,2
p3_h2,0,0,58,2183.0,50.0,p3,2
p3_h2,0,1,4,2232.0,0.0,p3,2
p3_h2,0,1,8,2417.0,-32.0,p3,2
p3_h2,0,1,8,2417.0,0.0,p3,2
p3_h2,0,1,8,2450.0,0.0,p3,2
p3_h2,0,1,10,2280.0,0.0,p3,2
p3_h2,0,1,10,2304.0,0.0,p3,2
p3_h2,0,1,10,2354.0,0.0,p3,2
p3_h2,0,1,16,2526.0,0.0,p3,2
p3_h2,0,1,16,2600.0,12.0,p3,2
p3_h2,0,1,19,2360.0,0.0,p3,2
p3_h2,0,1,22,2280.0,24.0,p3,2
p3_h2,0,1,23,2208.0,-22.0,p3,2
p3_h2,0,1,23,2208.0,24.0,p3,2
p3_h2,0,1,24,2305.0,-3.0,p3,2
p3_h2,0,1,32,2374.0,-43.0,p3,2
p3_h2,0,1,32,2374.0,-20.0,p3,2
p3_h2,0,1,32,2374.0,11.0,p3,2
p3_h2,0,1,44,2423.0,18.0,p3,2
p3_h2,0,1,49,2372.0,-25.0,p3,2
p3_h2,0,1,52,2304.0,27.0,p3,2
p3_h2,0,1,58,2560.0,-18.0,p3,2
p3_h2,0,2,8,2501.0,0.0,p3,2
p3_h2,0,2,10,2392.0,6.0,p3,2
p3_h2,0,2,10,2427.0,0.0,p3,2
p3_h2,0,2,10,2540.0,0.0,p3,2
p3_h2,0,2,14,2422.0,48.0,p3,2
p3_h2,0,2,16,2929.0,-49.0,p3,2
p3_h2,0,2,32,2503.0,35.0,p3,2
p3_h2,0,2,32,2503.0,49.0,p3,2
p3_h2,0,2,33,2403.0,19.0,p3,2
p3_h2,0,2,33,2876.0,0.0,p3,2
p3_h2,0,2,33,2876.0,11.0,p3,2
p3_h2,0,2,44,2536.0,72.0,p3,2
p3_h2,0,2,44,2704.0,0.0,p3,2
p3_h2,0,2,44,2728.0,32.0,p3,2
p3_h2,0,2,49,2558.0,-18.0,p3,2
p3_h2,0,2,51,2596.0,-20.0,p3,2
p3_h2,0,2,53,2877.0,-8.0,p3,2
p3_h2,0,2,57,2540.0,32.0,p3,2
p3_h2,0,2,58,2741.0,-15.0,p3,2
p3_h2,0,2,58,2802.0,0.0,p3,2
p3_h2,0,3,4,2548.0,0.0,p3,2
p3_h2,0,3,7,2443.0,0.0,p3,2
p3_h2,0,3,8,2684.0,34.0,p3,2
p3_h2,0,3,8,2684.0,51.0,p3,2
p3_h2,0,3,10,2716.0,27.0,p3,2
p3_h2,0,3,16,3097.0,-33.0,p3,2
p3_h2,0,3,16,3097.0,-21.0,p3,2
p3_h2,0,3,16,3160.0,-23.0,p3,2
p3_h2,0,3,16,3240.0,0.0,p3,2
p3_h2,0,3,19,3052.0,-45.0,p3,2
p3_h2,0,3,19,3403.0,0.0,p3,2
p3_h2,0,3,22,2495.0,22.0,p3,2
p3_h2,0,3,22,2495.0,46.0,p3,2
p3_h2,0,3,24,2456.0,0.0,p3,2
p3_h2,0,3,32,2791.0,-36.0,p3,2
p3_h2,0,3,44,2871.0,62.0,p3,2
p3_h2,0,3,44,3088.0,-60.0,p3,2
p3_h2,0,3,49,2933.0,-53.0,p3,2
p3_h2,0,4,4,2871.0,0.0,p3,2
p3_h2,0,4,4,2871.0,10.0,p3,2
p3_h2,0,4,8,2925.0,-69.0,p3,2
p3_h2,0,4,8,2925.0,-21.0,p3,2
p3_h2,0,4,10,2761.0,0.0,p3,2
p3_h2,0,4,10,2881.0,-5.0,p3,2
p3_h2,0,4,10,2934.0,0.0,p3,2
p3_h2,0,4,23,2494.0,23.0,p3,2
p3_h2,0,4,49,3331.0,25.0,p3,2
p3_h2,0,4,52,3340.0,-32.0,p3,2
p3_h2,0,4,57,3340.0,-33.0,p3,2
p3_h2,0,4,58,3259.0,-64.0,p3,2
p3_h2,0,4,58,3285.0,22.0,p3,2
p3_h2,1,0,4,2128.0,30.0,p3,2
p3_h2,1,0,4,2210.0,0.0,p3,2
p3_h2,1,0,7,2169.0,12.0,p3,2
p3_h2,1,0,8,2129.0,-17.0,p3,2
p3_h2,1,0,8,2129.0,0.0,p3,2
p3_h2,1,0,8,2129.0,27.0,p3,2
p3_h2,1,0,8,2185.0,0.0,p3,2
p3_h2,1,0,10,2176.0,1.0,p3,2
p3_h2,1,0,10,2226.0,-16.0,p3,2
p3_h2,1,0,10,2226.0,12.0,p3,2
p3_h2,1,0,16,2349.0,0.0,p3,2
p3_h2,1,0,16,2404.0,-9.0,p3,2
p3_h2,1,0,16,2404.0,16.0,p3,2
p3_h2,1,0,19,2155.0,37.0,p3,2
p3_h2,1,0,19,2264.0,-8.0,p3,2
p3_h2,1,0,22,2182.0,-2.0,p3,2
p3_h2,1,0,23,2114.0,15.0,p3,2
p3_h2,1,0,33,2202.0,0.0,p3,2
p3_h2,1,0,44,2274.0,-2.0,p3,2
p3_h2,1,0,44,2320.0,-7.0,p3,2
p3_h2,1,0,44,2392.0,0.0,p3,2
p3_h2,1,0,49,2232.0,-42.0,p3,2
p3_h2,1,0,49,2280.0,0.0,p3,2
p3_h2,1,0,51,2232.0,49.0,p3,2
p3_h2,1,0,51,2543.0,-49.0,p3,2
p3_h2,1,0,53,2307.0,0.0,p3,2
p3_h2,1,0,57,2229.0,0.0,p3,2
p3_h2,1,0,57,2516.0,-38.0,p3,2
p3_h2,1,0,58,2183.0,-25.0,p3,2
p3_h2,1,1,4,2447.0,-56.0,p3,2
p3_h2,1,1,8,2450.0,0.0,p3,2
p3_h2,1,1,10,2280.0,0.0,p3,2
p3_h2,1,1,10,2329.0,0.0,p3,2
p3_h2,1,1,19,2360.0,0.0,p3,2
p3_h2,1,1,19,2398.0,-14.0,p3,2
p3_h2,1,1,19,2398.0,24.0,p3,2
p3_h2,1,1,22,2280.0,24.0,p3,2
p3_h2,1,1,32,2374.0,-43.0,p3,2
p3_h2,1,1,32,2374.0,-3.0,p3,2
p3_h2,1,1,33,2856.0,0.0,p3,2
p3_h2,1,1,44,2423.0,23.0,p3,2
p3_h2,1,1,44,2491.0,-20.0,p3,2
p3_h2,1,1,49,2470.0,-48.0,p3,2
p3_h2,1,1,57,2582.0,-16.0,p3,2
p3_h2,1,1,58,2520.0,0.0,p3,2
p3_h2,1,2,4,2522.0,21.0,p3,2
p3_h2,1,2,8,2501.0,0.0,p3,2
p3_h2,1,2,10,2427.0,0.0,p3,2
p3_h2,1,2,10,2432.0,10.0,p3,2
p3_h2,1,2,16,2929.0,-53.0,p3,2
p3_h2,1,2,16,2929.0,4.0,p3,2
p3_h2,1,2,32,2503.0,0.0,p3,2
p3_h2,1,2,32,2503.0,35.0,p3,2
p3_h2,1,2,33,2403.0,19.0,p3,2
p3_h2,1,2,44,2704.0,-59.0,p3,2
p3_h2,1,2,49,2558.0,-18.0,p3,2
p3_h2,1,2,52,2720.0,0.0,p3,2
p3_h2,1,2,57,2540.0,32.0,p3,2
p3_h2,1,2,58,2741.0,-15.0,p3,2
p3_h2,1,2,58,2802.0,0.0,p3,2
p3_h2,1,3,7,2443.0,0.0,p3,2
p3_h2,1,3,8,2684.0,34.0,p3,2
p3_h2,1,3,8,2684.0,51.0,p3,2
p3_h2,1,3,10,2645.0,35.0,p3,2
p3_h2,1,3,10,2716.0,-21.0,p3,2
p3_h2,1,3,16,3097.0,-33.0,p3,2
p3_h2,1,3,16,3160.0,-23.0,p3,2
p3_h2,1,3,16,3240.0,0.0,p3,2
p3_h2,1,3,19,3052.0,-45.0,p3,2
p3_h2,1,3,19,3212.0,30.0,p3,2
p3_h2,1,3,22,2645.0,-49.0,p3,2
p3_h2,1,3,32,2568.0,28.0,p3,2
p3_h2,1,3,33,3053.0,0.0,p3,2
p3_h2,1,3,44,2871.0,62.0,p3,2
p3_h2,1,3,44,3088.0,-22.0,p3,2
p3_h2,1,3,44,3088.0,25.0,p3,2
p3_h2,1,3,49,2933.0,-53.0,p3,2
p3_h2,1,3,52,2862.0,-5.0,p3,2
p3_h2,1,4,16,3218.0,0.0,p3,2
p3_h2,1,4,16,3314.0,-47.0,p3,2
p3_h2,1,4,16,3314.0,0.0,p3,2
p3_h2,1,4,19,3271.0,0.0,p3,2
p3_h2,1,4,19,3379.0,-11.0,p3,2
p3_h2,1,4,19,3439.0,0.0,p3,2
p3_h2,1,4,32,2856.0,28.0,p3,2
p3_h2,1,4,33,2572.0,0.0,p3,2
p3_h2,1,4,33,3259.0,55.0,p3,2
p3_h2,1,4,44,3209.0,57.0,p3,2
p3_h2,1,4,44,3329.0,-24.0,p3,2
p3_h2,1,4,44,3329.0,26.0,p3,2
p3_h2,1,4,49,3331.0,-13.0,p3,2
p3_h2,1,4,49,3331.0,25.0,p3,2
p3_h2,1,4,51,3284.0,-18.0,p3,2
p3_h2,1,4,52,3266.0,0.0,p3,2
p3_h2,1,4,57,3340.0,39.0,p3,2
p3_h2,2,0,4,2128.0,30.0,p3,2
p3_h2,2,0,4,2210.0,0.0,p3,2
p3_h2,2,0,7,2169.0,12.0,p3,2
p3_h2,2,0,8,2129.0,-17.0,p3,2
p3_h2,2,0,8,2129.0,4.0,p3,2
p3_h2,2,0,10,2176.0,1.0,p3,2
p3_h2,2,0,10,2226.0,-16.0,p3,2
p3_h2,2,0,10,2226.0,12.0,p3,2
p3_h2,2,0,19,2286.0,51.0,p3,2
p3_h2,2,0,22,2182.0,-2.0,p3,2
p3_h2,2,0,22,2182.0,30.0,p3,2
p3_h2,2,0,32,2202.0,48.0,p3,2
p3_h2,2,0,33,2202.0,0.0,p3,2
p3_h2,2,0,33,2310.0,-5.0,p3,2
p3_h2,2,0,36,2328.0,-48.0,p3,2
p3_h2,2,0,44,2274.0,-18.0,p3,2
p3_h2,2,0,44,2274.0,-2.0,p3,2
p3_h2,2,0,44,2392.0,0.0,p3,2
p3_h2,2,0,49,2232.0,-6.0,p3,2
p3_h2,2,0,49,2280.0,0.0,p3,2
p3_h2,2,0,51,2232.0,72.0,p3,2
p3_h2,2,0,52,2158.0,24.0,p3,2
p3_h2,2,0,52,2280.0,-24.0,p3,2
p3_h2,2,0,57,2229.0,33.0,p3,2
p3_h2,2,0,58,2183.0,50.0,p3,2
p3_h2,2,1,4,2447.0,-56.0,p3,2
p3_h2,2,1,8,2417.0,-32.0,p3,2
p3_h2,2,1,8,2417.0,0.0,p3,2
p3_h2,2,1,8,2450.0,4.0,p3,2
p3_h2,2,1,10,2264.0,0.0,p3,2
p3_h2,2,1,10,2280.0,0.0,p3,2
p3_h2,2,1,10,2304.0,7.0,p3,2
p3_h2,2,1,10,2354.0,-9.0,p3,2
p3_h2,2,1,16,2422.0,0.0,p3,2
p3_h2,2,1,16,2600.0,-6.0,p3,2
p3_h2,2,1,19,2360.0,0.0,p3,2
p3_h2,2,1,19,2398.0,0.0,p3,2
p3_h2,2,1,19,2540.0,-70.0,p3,2
p3_h2,2,1,22,2262.0,0.0,p3,2
p3_h2,2,1,22,2280.0,24.0,p3,2
p3_h2,2,1,24,2305.0,-3.0,p3,2
p3_h2,2,1,32,2374.0,-43.0,p3,2
p3_h2,2,1,32,2374.0,-3.0,p3,2
p3_h2,2,1,32,2374.0,11.0,p3,2
p3_h2,2,1,44,2417.0,0.0,p3,2
p3_h2,2,1,44,2491.0,4.0,p3,2
p3_h2,2,1,49,2372.0,-18.0,p3,2
p3_h2,2,1,53,2556.0,-13.0,p3,2
p3_h2,2,1,57,2582.0,-16.0,p3,2
p3_h2,2,2,4,2522.0,0.0,p3,2
p3_h2,2,2,8,2501.0,47.0,p3,2
p3_h2,2,2,14,2422.0,72.0,p3,2
p3_h2,2,2,16,2929.0,-32.0,p3,2
p3_h2,2,2,19,2672.0,-71.0,p3,2
p3_h2,2,2,19,2856.0,0.0,p3,2
p3_h2,2,2,24,2380.0,-20.0,p3,2
p3_h2,2,2,32,2446.0,0.0,p3,2
p3_h2,2,2,32,2503.0,0.0,p3,2
p3_h2,2,2,33,2403.0,19.0,p3,2
p3_h2,2,2,44,2728.0,32.0,p3,2
p3_h2,2,2,49,2558.0,-18.0,p3,2
p3_h2,2,2,51,2596.0,-20.0,p3,2
p3_h2,2,2,51,2596.0,5.0,p3,2
p3_h2,2,2,57,2540.0,32.0,p3,2
p3_h2,2,3,4,2548.0,0.0,p3,2
p3_h2,2,3,7,2443.0,0.0,p3,2
p3_h2,2,3,8,2684.0,51.0,p3,2
p3_h2,2,3,10,2716.0,-27.0,p3,2
p3_h2,2,3,10,2716.0,-9.0,p3,2
p3_h2,2,3,10,2716.0,12.0,p3,2
p3_h2,2,3,16,3000.0,29.0,p3,2
p3_h2,2,3,16,3160.0,-11.0,p3,2
p3_h2,2,3,16,3240.0,0.0,p3,2
p3_h2,2,3,19,3052.0,24.0,p3,2
p3_h2,2,3,32,2568.0,28.0,p3,2
p3_h2,2,3,33,3053.0,0.0,p3,2
p3_h2,2,3,44,2871.0,48.0,p3,2
p3_h2,2,3,44,3088.0,-60.0,p3,2
p3_h2,2,3,52,2862.0,26.0,p3,2
p3_h2,2,3,58,2852.0,0.0,p3,2
p3_h2,2,4,8,2925.0,-21.0,p3,2
p3_h2,2,4,8,2925.0,9.0,p3,2
p3_h2,2,4,16,3218.0,0.0,p3,2
p3_h2,2,4,16,3314.0,-47.0,p3,2
p3_h2,2,4,19,3379.0,-11.0,p3,2
p3_h2,2,4,32,3024.0,0.0,p3,2
p3_h2,2,4,33,2572.0,0.0,p3,2
p3_h2,2,4,44,3209.0,57.0,p3,2
p3_h2,2,4,44,3329.0,47.0,p3,2
p3_h2,2,4,49,3331.0,-17.0,p3,2
p3_h2,2,4,49,3331.0,0.0,p3,2
p3_h2,2,4,51,3284.0,0.0,p3,2
p3_h2,2,4,57,3340.0,-57.0,p3,2
p3_h2,3,0,4,2128.0,30.0,p3,2
p3_h2,3,0,4,2210.0,0.0,p3,2
p3_h2,3,0,7,2169.0,12.0,p3,2
p3_h2,3,0,8,2092.0,17.0,p3,2
p3_h2,3,0,8,2129.0,0.0,p3,2
p3_h2,3,0,8,2129.0,27.0,p3,2
p3_h2,3,0,10,2159.0,-1.0,p3,2
p3_h2,3,0,10,2176.0,1.0,p3,2
p3_h2,3,0,10,2226.0,0.0,p3,2
p3_h2,3,0,16,2349.0,0.0,p3,2
p3_h2,3,0,16,2404.0,-9.0,p3,2
p3_h2,3,0,16,2404.0,16.0,p3,2
p3_h2,3,0,19,2155.0,37.0,p3,2
p3_h2,3,0,19,2264.0,-8.0,p3,2
p3_h2,3,0,22,2182.0,-2.0,p3,2
p3_h2,3,0,32,2202.0,36.0,p3,2
p3_h2,3,0,33,2202.0,0.0,p3,2
p3_h2,3,0,33,2310.0,-5.0,p3,2
p3_h2,3,0,44,2274.0,-2.0,p3,2
p3_h2,3,0,44,2274.0,22.0,p3,2
p3_h2,3,0,44,2320.0,0.0,p3,2
p3_h2,3,0,44,2392.0,-24.0,p3,2
p3_h2,3,0,44,2392.0,0.0,p3,2
p3_h2,3,0,49,2232.0,-42.0,p3,2
p3_h2,3,0,49,2280.0,0.0,p3,2
p3_h2,3,0,52,2280.0,0.0,p3,2
p3_h2,3,0,57,2516.0,-38.0,p3,2
p3_h2,3,0,58,2183.0,50.0,p3,2
p3_h2,3,1,4,2232.0,0.0,p3,2
p3_h2,3,1,8,2417.0,-32.0,p3,2
p3_h2,3,1,8,2417.0,0.0,p3,2
p3_h2,3,1,8,2450.0,4.0,p3,2
p3_h2,3,1,10,2280.0,0.0,p3,2
p3_h2,3,1,16,2422.0,0.0,p3,2
p3_h2,3,1,16,2526.0,-10.0,p3,2
p3_h2,3,1,16,2600.0,-6.0,p3,2
p3_h2,3,1,19,2360.0,0.0,p3,2
p3_h2,3,1,23,2208.0,24.0,p3,2
p3_h2,3,1,24,2305.0,-3.0,p3,2
p3_h2,3,1,32,2374.0,-43.0,p3,2
p3_h2,3,1,32,2374.0,-3.0,p3,2
p3_h2,3,1,44,2417.0,0.0,p3,2
p3_h2,3,1,44,2560.0,-12.0,p3,2
p3_h2,3,1,51,2566.0,0.0,p3,2
p3_h2,3,1,52,2304.0,68.0,p3,2
p3_h2,3,1,58,2520.0,0.0,p3,2
p3_h2,3,2,8,2501.0,0.0,p3,2
p3_h2,3,2,10,2427.0,0.0,p3,2
p3_h2,3,2,10,2540.0,29.0,p3,2
p3_h2,3,2,16,2929.0,-49.0,p3,2
p3_h2,3,2,16,2929.0,4.0,p3,2
p3_h2,3,2,19,2778.0,24.0,p3,2
p3_h2,3,2,32,2503.0,0.0,p3,2
p3_h2,3,2,33,2403.0,19.0,p3,2
p3_h2,3,2,33,2876.0,0.0,p3,2
p3_h2,3,2,33,2876.0,11.0,p3,2
p3_h2,3,2,44,2704.0,0.0,p3,2
p3_h2,3,2,44,2728.0,32.0,p3,2
p3_h2,3,2,49,2558.0,-18.0,p3,2
p3_h2,3,2,52,2720.0,0.0,p3,2
p3_h2,3,2,53,2778.0,-55.0,p3,2
p3_h2,3,2,57,2540.0,32.0,p3,2
p3_h2,3,2,58,2741.0,-15.0,p3,2
p3_h2,3,2,58,2802.0,0.0,p3,2
p3_h2,3,3,4,2548.0,0.0,p3,2
p3_h2,3,3,7,2443.0,0.0,p3,2
p3_h2,3,3,8,2684.0,51.0,p3,2
p3_h2,3,3,10,2716.0,49.0,p3,2
p3_h2,3,3,16,3097.0,-33.0,p3,2
p3_h2,3,3,16,3160.0,-23.0,p3,2
p3_h2,3,3,16,3240.0,0.0,p3,2
p3_h2,3,3,19,3052.0,-45.0,p3,2
p3_h2,3,3,19,3212.0,30.0,p3,2
p3_h2,3,3,22,2645.0,-27.0,p3,2
p3_h2,3,3,32,2568.0,8.0,p3,2
p3_h2,3,3,33,3053.0,0.0,p3,2
p3_h2,3,3,35,2683.0,0.0,p3,2
p3_h2,3,3,44,2871.0,62.0,p3,2
p3_h2,3,3,44,3088.0,-60.0,p3,2
p3_h2,3,3,49,2933.0,-53.0,p3,2
p3_h2,3,3,52,2862.0,-5.0,p3,2
p3_h2,3,4,7,2540.0,8.0,p3,2
p3_h2,3,4,10,2761.0,0.0,p3,2
p3_h2,3,4,10,2802.0,0.0,p3,2
p3_h2,3,4,10,2852.0,0.0,p3,2
p3_h2,3,4,16,3363.0,-7.0,p3,2
p3_h2,3,4,16,3436.0,-9.0,p3,2
p3_h2,3,4,19,3379.0,14.0,p3,2
p3_h2,3,4,19,3439.0,-12.0,p3,2
p3_h2,3,4,23,2494.0,0.0,p3,2
p3_h2,3,4,35,3091.0,-22.0,p3,2
p3_h2,3,4,49,3331.0,0.0,p3,2
p3_h2,3,4,51,3284.0,0.0,p3,2
p3_h2,3,4,52,3266.0,0.0,p3,2
p3_h2,3,4,58,3259.0,0.0,p3,2
p3_h2,4,0,4,2128.0,30.0,p3,2
p3_h2,4,0,7,2169.0,12.0,p3,2
p3_h2,4,0,8,2092.0,17.0,p3,2
p3_h2,4,0,10,2176.0,0.0,p3,2
p3_h2,4,0,10,2226.0,0.0,p3,2
p3_h2,4,0,16,2404.0,-9.0,p3,2
p3_h2,4,0,16,2404.0,16.0,p3,2
p3_h2,4,0,22,2182.0,-2.0,p3,2
p3_h2,4,0,32,2202.0,-23.0,p3,2
p3_h2,4,0,32,2202.0,30.0,p3,2
p3_h2,4,0,33,2202.0,0.0,p3,2
p3_h2,4,0,33,2310.0,-5.0,p3,2
p3_h2,4,0,36,2328.0,0.0,p3,2
p3_h2,4,0,44,2274.0,-2.0,p3,2
p3_h2,4,0,44,2274.0,22.0,p3,2
p3_h2,4,0,49,2232.0,-42.0,p3,2
p3_h2,4,0,49,2280.0,0.0,p3,2
p3_h2,4,0,52,2280.0,0.0,p3,2
p3_h2,4,0,57,2516.0,-38.0,p3,2
p3_h2,4,0,58,2183.0,0.0,p3,2
p3_h2,4,1,4,2232.0,0.0,p3,2
p3_h2,4,1,8,2417.0,-32.0,p3,2
p3_h2,4,1,8,2417.0,0.0,p3,2
p3_h2,4,1,8,2450.0,4.0,p3,2
p3_h2,4,1,10,2264.0,0.0,p3,2
p3_h2,4,1,10,2280.0,0.0,p3,2
p3_h2,4,1,10,2304.0,7.0,p3,2
p3_h2,4,1,10,2354.0,0.0,p3,2
p3_h2,4,1,10,2354.0,48.0,p3,2
p3_h2,4,1,16,2526.0,-10.0,p3,2
p3_h2,4,1,16,2526.0,0.0,p3,2
p3_h2,4,1,19,2360.0,0.0,p3,2
p3_h2,4,1,19,2398.0,48.0,p3,2
p3_h2,4,1,19,2540.0,-20.0,p3,2
p3_h2,4,1,32,2374.0,-43.0,p3,2
p3_h2,4,1,36,2544.0,0.0,p3,2
p3_h2,4,1,44,2491.0,0.0,p3,2
p3_h2,4,1,49,2372.0,-18.0,p3,2
p3_h2,4,1,49,2470.0,0.0,p3,2
p3_h2,4,1,51,2354.0,68.0,p3,2
p3_h2,4,1,53,2556.0,-13.0,p3,2
p3_h2,4,1,57,2537.0,0.0,p3,2
p3_h2,4,1,57,2582.0,-16.0,p3,2
p3_h2,4,1,58,2520.0,0.0,p3,2
p3_h2,4,2,8,2501.0,72.0,p3,2
p3_h2,4,2,10,2392.0,-24.0,p3,2
p3_h2,4,2,10,2427.0,2.0,p3,2
p3_h2,4,2,16,2929.0,0.0,p3,2
p3_h2,4,2,19,2672.0,47.0,p3,2
p3_h2,4,2,23,2354.0,-22.0,p3,2
p3_h2,4,2,32,2446.0,0.0,p3,2
p3_h2,4,2,32,2503.0,37.0,p3,2
p3_h2,4,2,33,2403.0,19.0,p3,2
p3_h2,4,2,49,2558.0,-18.0,p3,2
p3_h2,4,2,51,2596.0,-20.0,p3,2
p3_h2,4,2,52,2720.0,0.0,p3,2
p3_h2,4,2,58,2802.0,0.0,p3,2
p3_h2,4,3,4,2548.0,0.0,p3,2
p3_h2,4,3,7,2443.0,0.0,p3,2
p3_h2,4,3,8,2684.0,51.0,p3,2
p3_h2,4,3,10,2716.0,-9.0,p3,2
p3_h2,4,3,10,2716.0,12.0,p3,2
p3_h2,4,3,14,2548.0,24.0,p3,2
p3_h2,4,3,14,2548.0,48.0,p3,2
p3_h2,4,3,16,3097.0,-33.0,p3,2
p3_h2,4,3,16,3160.0,-11.0,p3,2
p3_h2,4,3,16,3240.0,0.0,p3,2
p3_h2,4,3,19,3052.0,-21.0,p3,2
p3_h2,4,3,19,3052.0,24.0,p3,2
p3_h2,4,3,22,2495.0,22.0,p3,2
p3_h2,4,3,22,2495.0,46.0,p3,2
p3_h2,4,3,32,2568.0,0.0,p3,2
p3_h2,4,3,32,2791.0,-36.0,p3,2
p3_h2,4,3,35,2683.0,0.0,p3,2
p3_h2,4,3,44,2871.0,62.0,p3,2
p3_h2,4,3,49,2933.0,0.0,p3,2
p3_h2,4,3,52,2862.0,48.0,p3,2
p3_h2,4,3,58,3028.0,0.0,p3,2
p3_h2,4,4,8,2410.0,0.0,p3,2
p3_h2,4,4,8,2925.0,9.0,p3,2
p3_h2,4,4,10,2761.0,-9.0,p3,2
p3_h2,4,4,10,2761.0,17.0,p3,2
p3_h2,4,4,10,2802.0,0.0,p3,2
p3_h2,4,4,10,2852.0,0.0,p3,2
p3_h2,4,4,10,2881.0,0.0,p3,2
p3_h2,4,4,14,2857.0,5.0,p3,2
p3_h2,4,4,16,3218.0,17.0,p3,2
p3_h2,4,4,16,3314.0,-47.0,p3,2
p3_h2,4,4,16,3363.0,1.0,p3,2
p3_h2,4,4,16,3386.0,2.0,p3,2
p3_h2,4,4,19,3379.0,0.0,p3,2
p3_h2,4,4,19,3439.0,-23.0,p3,2
p3_h2,4,4,32,3024.0,4.0,p3,2
p3_h2,4,4,33,2572.0,0.0,p3,2
p3_h2,4,4,33,3259.0,24.0,p3,2
p3_h2,4,4,44,3329.0,-48.0,p3,2
p3_h2,4,4,44,3329.0,-24.0,p3,2
p3_h2,4,4,49,3331.0,25.0,p3,2
p3_h3,0,0,4,2210.0,-31.0,p3,3
p3_h3,0,0,8,2129.0,27.0,p3,3
p3_h3,0,0,10,2176.0,0.0,p3,3
p3_h3,0,0,10,2264.0,-27.0,p3,3
p3_h3,0,0,16,2232.0,0.0,p3,3
p3_h3,0,0,16,2303.0,2.0,p3,3
p3_h3,0,0,16,2352.0,21.0,p3,3
p3_h3,0,0,19,2155.0,-23.0,p3,3
p3_h3,0,0,19,2238.0,-6.0,p3,3
p3_h3,0,0,19,2286.0,24.0,p3,3
p3_h3,0,0,22,2182.0,-2.0,p3,3
p3_h3,0,0,22,2182.0,10.0,p3,3
p3_h3,0,0,24,2133.0,0.0,p3,3
p3_h3,0,0,32,2202.0,30.0,p3,3
p3_h3,0,0,32,2280.0,0.0,p3,3
p3_h3,0,0,33,2202.0,0.0,p3,3
p3_h3,0,0,44,2380.0,0.0,p3,3
p3_h3,0,0,49,2232.0,-6.0,p3,3
p3_h3,0,0,49,2258.0,0.0,p3,3
p3_h3,0,0,51,2543.0,-25.0,p3,3
p3_h3,0,0,52,2280.0,0.0,p3,3
p3_h3,0,0,53,2280.0,0.0,p3,3
p3_h3,0,0,58,2183.0,50.0,p3,3
p3_h3,0,1,8,2410.0,0.0,p3,3
p3_h3,0,1,8,2450.0,4.0,p3,3
p3_h3,0,1,10,2304.0,7.0,p3,3
p3_h3,0,1,10,2329.0,7.0,p3,3
p3_h3,0,1,16,2496.0,-49.0,p3,3
p3_h3,0,1,16,2496.0,20.0,p3,3
p3_h3,0,1,16,2600.0,-28.0,p3,3
p3_h3,0,1,19,2398.0,-26.0,p3,3
p3_h3,0,1,19,2398.0,0.0,p3,3
p3_h3,0,1,19,2500.0,-30.0,p3,3
p3_h3,0,1,24,2192.0,17.0,p3,3
p3_h3,0,1,32,2374.0,-3.0,p3,3
p3_h3,0,1,44,2491.0,-26.0,p3,3
p3_h3,0,1,49,2372.0,-25.0,p3,3
p3_h3,0,1,49,2372.0,0.0,p3,3
p3_h3,0,1,49,2470.0,0.0,p3,3
p3_h3,0,1,51,2552.0,0.0,p3,3
p3_h3,0,1,52,2304.0,0.0,p3,3
p3_h3,0,1,57,2518.0,0.0,p3,3
p3_h3,0,1,57,2518.0,54.0,p3,3
p3_h3,0,1,58,2560.0,0.0,p3,3
p3_h3,0,2,8,2501.0,0.0,p3,3
p3_h3,0,2,10,2432.0,15.0,p3,3
p3_h3,0,2,10,2540.0,-18.0,p3,3
p3_h3,0,2,10,2569.0,0.0,p3,3
p3_h3,0,2,16,2646.0,0.0,p3,3
p3_h3,0,2,19,2778.0,24.0,p3,3
p3_h3,0,2,19,2876.0,37.0,p3,3
p3_h3,0,2,22,2424.0,0.0,p3,3
p3_h3,0,2,32,2446.0,24.0,p3,3
p3_h3,0,2,32,2503.0,15.0,p3,3
p3_h3,0,2,33,2860.0,0.0,p3,3
p3_h3,0,2,33,2860.0,27.0,p3,3
p3_h3,0,2,44,2704.0,0.0,p3,3
p3_h3,0,2,44,2728.0,32.0,p3,3
p3_h3,0,2,44,2871.0,0.0,p3,3
p3_h3,0,2,49,2558.0,-40.0,p3,3
p3_h3,0,2,51,2566.0,10.0,p3,3
p3_h3,0,2,53,2556.0,66.0,p3,3
p3_h3,0,2,57,2645.0,-45.0,p3,3
p3_h3,0,3,4,2764.0,-69.0,p3,3
p3_h3,0,3,8,2660.0,0.0,p3,3
p3_h3,0,3,8,2660.0,58.0,p3,3
p3_h3,0,3,10,2716.0,-12.0,p3,3
p3_h3,0,3,10,2716.0,-2.0,p3,3
p3_h3,0,3,10,2716.0,45.0,p3,3
p3_h3,0,3,16,2958.0,0.0,p3,3
p3_h3,0,3,16,3101.0,-37.0,p3,3
p3_h3,0,3,16,3101.0,-11.0,p3,3
p3_h3,0,3,33,2471.0,-48.0,p3,3
p3_h3,0,3,33,3028.0,0.0,p3,3
p3_h3,0,3,33,3028.0,40.0,p3,3
p3_h3,0,3,44,2884.0,49.0,p3,3
p3_h3,0,3,44,3066.0,-49.0,p3,3
p3_h3,0,3,44,3088.0,0.0,p3,3
p3_h3,0,3,49,2933.0,0.0,p3,3
p3_h3,0,3,52,2862.0,-5.0,p3,3
p3_h3,0,4,8,2792.0,0.0,p3,3
p3_h3,0,4,8,2925.0,9.0,p3,3
p3_h3,0,4,10,2802.0,0.0,p3,3
p3_h3,0,4,10,2852.0,0.0,p3,3
p3_h3,0,4,14,2802.0,55.0,p3,3
p3_h3,0,4,16,3218.0,0.0,p3,3
p3_h3,0,4,16,3314.0,-7.0,p3,3
p3_h3,0,4,16,3314.0,17.0,p3,3
p3_h3,0,4,19,3266.0,0.0,p3,3
p3_h3,0,4,19,3439.0,-27.0,p3,3
p3_h3,0,4,24,2497.0,6.0,p3,3
p3_h3,0,4,32,3024.0,0.0,p3,3
p3_h3,0,4,33,2572.0,0.0,p3,3
p3_h3,0,4,44,3242.0,-70.0,p3,3
p3_h3,0,4,44,3242.0,24.0,p3,3
p3_h3,0,4,44,3329.0,-24.0,p3,3
p3_h3,0,4,44,3329.0,60.0,p3,3
p3_h3,0,4,49,3242.0,0.0,p3,3
p3_h3,0,4,51,3284.0,-18.0,p3,3
p3_h3,0,4,52,3266.0,0.0,p3,3
p3_h3,1,0,4,2210.0,-31.0,p3,3
p3_h3,1,0,8,2092.0,17.0,p3,3
p3_h3,1,0,8,2129.0,27.0,p3,3
p3_h3,1,0,10,2176.0,0.0,p3,3
p3_h3,1,0,10,2182.0,0.0,p3,3
p3_h3,1,0,10,2182.0,28.0,p3,3
p3_h3,1,0,16,2254.0,-6.0,p3,3
p3_h3,1,0,16,2303.0,-22.0,p3,3
p3_h3,1,0,16,2352.0,21.0,p3,3
p3_h3,1,0,19,2155.0,-23.0,p3,3
p3_h3,1,0,19,2155.0,37.0,p3,3
p3_h3,1,0,19,2238.0,-6.0,p3,3
p3_h3,1,0,22,2182.0,-2.0,p3,3
p3_h3,1,0,22,2182.0,57.0,p3,3
p3_h3,1,0,24,2133.0,-12.0,p3,3
p3_h3,1,0,32,2202.0,32.0,p3,3
p3_h3,1,0,32,2280.0,-16.0,p3,3
p3_h3,1,0,33,2202.0,0.0,p3,3
p3_h3,1,0,35,2212.0,22.0,p3,3
p3_h3,1,0,43,2256.0,0.0,p3,3
p3_h3,1,0,44,2274.0,-18.0,p3,3
p3_h3,1,0,49,2232.0,-6.0,p3,3
p3_h3,1,0,49,2258.0,4.0,p3,3
p3_h3,1,0,51,2543.0,-25.0,p3,3
p3_h3,1,0,57,2516.0,-45.0,p3,3
p3_h3,1,0,58,2183.0,50.0,p3,3
p3_h3,1,1,8,2410.0,0.0,p3,3
p3_h3,1,1,8,2450.0,23.0,p3,3
p3_h3,1,1,10,2304.0,7.0,p3,3
p3_h3,1,1,10,2394.0,-26.0,p3,3
p3_h3,1,1,16,2375.0,51.0,p3,3
p3_h3,1,1,16,2496.0,20.0,p3,3
p3_h3,1,1,16,2600.0,-28.0,p3,3
p3_h3,1,1,19,3290.0,0.0,p3,3
p3_h3,1,1,22,2261.0,1.0,p3,3
p3_h3,1,1,24,2192.0,17.0,p3,3
p3_h3,1,1,44,2423.0,-25.0,p3,3
p3_h3,1,1,44,2423.0,18.0,p3,3
p3_h3,1,1,49,2372.0,-25.0,p3,3
p3_h3,1,1,49,2372.0,12.0,p3,3
p3_h3,1,1,49,2470.0,0.0,p3,3
p3_h3,1,1,57,2518.0,54.0,p3,3
p3_h3,1,1,58,2560.0,0.0,p3,3
p3_h3,1,2,8,2501.0,0.0,p3,3
p3_h3,1,2,10,2495.0,0.0,p3,3
p3_h3,1,2,10,2569.0,0.0,p3,3
p3_h3,1,2,16,2646.0,0.0,p3,3
p3_h3,1,2,19,2876.0,0.0,p3,3
p3_h3,1,2,22,2424.0,0.0,p3,3
p3_h3,1,2,32,2446.0,24.0,p3,3
p3_h3,1,2,32,2503.0,15.0,p3,3
p3_h3,1,2,33,2403.0,19.0,p3,3
p3_h3,1,2,33,2860.0,27.0,p3,3
p3_h3,1,2,35,2597.0,0.0,p3,3
p3_h3,1,2,44,2704.0,-59.0,p3,3
p3_h3,1,2,44,2704.0,0.0,p3,3
p3_h3,1,2,44,2728.0,32.0,p3,3
p3_h3,1,2,44,2871.0,0.0,p3,3
p3_h3,1,2,49,2558.0,-40.0,p3,3
p3_h3,1,2,49,2558.0,18.0,p3,3
p3_h3,1,2,51,2566.0,10.0,p3,3
p3_h3,1,2,53,2556.0,66.0,p3,3
p3_h3,1,2,57,2645.0,-45.0,p3,3
p3_h3,1,2,58,2584.0,0.0,p3,3
p3_h3,1,3,4,2764.0,-69.0,p3,3
p3_h3,1,3,7,2443.0,1.0,p3,3
p3_h3,1,3,8,2660.0,0.0,p3,3
p3_h3,1,3,8,2660.0,58.0,p3,3
p3_h3,1,3,10,2716.0,-12.0,p3,3
p3_h3,1,3,10,2716.0,13.0,p3,3
p3_h3,1,3,16,3101.0,-37.0,p3,3
p3_h3,1,3,16,3101.0,-11.0,p3,3
p3_h3,1,3,16,3160.0,-23.0,p3,3
p3_h3,1,3,16,3160.0,0.0,p3,3
p3_h3,1,3,19,3052.0,28.0,p3,3
p3_h3,1,3,19,3052.0,66.0,p3,3
p3_h3,1,3,23,2354.0,18.0,p3,3
p3_h3,1,3,32,2791.0,0.0,p3,3
p3_h3,1,3,33,2471.0,-48.0,p3,3
p3_h3,1,3,44,2884.0,49.0,p3,3
p3_h3,1,3,51,2904.0,30.0,p3,3
p3_h3,1,3,53,2877.0,33.0,p3,3
p3_h3,1,3,57,2778.0,24.0,p3,3
p3_h3,1,3,58,2689.0,0.0,p3,3
p3_h3,1,4,8,2792.0,0.0,p3,3
p3_h3,1,4,8,2925.0,9.0,p3,3
p3_h3,1,4,10,2802.0,0.0,p3,3
p3_h3,1,4,10,2860.0,0.0,p3,3
p3_h3,1,4,16,3218.0,0.0,p3,3
p3_h3,1,4,16,3267.0,-7.0,p3,3
p3_h3,1,4,16,3363.0,-22.0,p3,3
p3_h3,1,4,16,3363.0,0.0,p3,3
p3_h3,1,4,19,3379.0,-24.0,p3,3
p3_h3,1,4,19,3484.0,-8.0,p3,3
p3_h3,1,4,22,2645.0,-27.0,p3,3
p3_h3,1,4,24,2497.0,0.0,p3,3
p3_h3,1,4,32,3024.0,0.0,p3,3
p3_h3,1,4,33,2572.0,0.0,p3,3
p3_h3,1,4,44,3242.0,39.0,p3,3
p3_h3,1,4,44,3329.0,-24.0,p3,3
p3_h3,1,4,49,3331.0,-41.0,p3,3
p3_h3,1,4,51,3284.0,30.0,p3,3
p3_h3,1,4,52,3266.0,0.0,p3,3
p3_h3,1,4,58,3067.0,16.0,p3,3
p3_h3,1,4,58,3235.0,-40.0,p3,3
p3_h3,1,4,58,3235.0,24.0,p3,3
p3_h3,2,0,7,2169.0,3.0,p3,3
p3_h3,2,0,8,2129.0,-18.0,p3,3
p3_h3,2,0,10,2159.0,-1.0,p3,3
p3_h3,2,0,10,2159.0,5.0,p3,3
p3_h3,2,0,10,2182.0,5.0,p3,3
p3_h3,2,0,10,2182.0,28.0,p3,3
p3_h3,2,0,16,2254.0,0.0,p3,3
p3_h3,2,0,16,2404.0,-9.0,p3,3
p3_h3,2,0,16,2404.0,0.0,p3,3
p3_h3,2,0,19,2238.0,-23.0,p3,3
p3_h3,2,0,19,2238.0,0.0,p3,3
p3_h3,2,0,22,2182.0,0.0,p3,3
p3_h3,2,0,32,2202.0,36.0,p3,3
p3_h3,2,0,32,2280.0,0.0,p3,3
p3_h3,2,0,35,2212.0,0.0,p3,3
p3_h3,2,0,36,2304.0,24.0,p3,3
p3_h3,2,0,44,2274.0,-12.0,p3,3
p3_h3,2,0,44,2274.0,22.0,p3,3
p3_h3,2,0,44,2320.0,0.0,p3,3
p3_h3,2,0,49,2258.0,0.0,p3,3
p3_h3,2,0,49,2280.0,0.0,p3,3
p3_h3,2,0,51,2232.0,6.0,p3,3
p3_h3,2,0,52,2280.0,-42.0,p3,3
p3_h3,2,0,57,2516.0,-38.0,p3,3
p3_h3,2,0,58,2183.0,50.0,p3,3
p3_h3,2,1,4,2232.0,-7.0,p3,3
p3_h3,2,1,8,2185.0,15.0,p3,3
p3_h3,2,1,8,2450.0,4.0,p3,3
p3_h3,2,1,16,2496.0,-49.0,p3,3
p3_h3,2,1,16,2496.0,20.0,p3,3
p3_h3,2,1,16,2600.0,-28.0,p3,3
p3_h3,2,1,19,3290.0,0.0,p3,3
p3_h3,2,1,24,2192.0,17.0,p3,3
p3_h3,2,1,32,2374.0,-25.0,p3,3
p3_h3,2,1,35,2422.0,-38.0,p3,3
p3_h3,2,1,43,2328.0,24.0,p3,3
p3_h3,2,1,44,2346.0,0.0,p3,3
p3_h3,2,1,44,2491.0,-20.0,p3,3
p3_h3,2,1,44,2491.0,45.0,p3,3
p3_h3,2,1,49,2372.0,-25.0,p3,3
p3_h3,2,1,49,2372.0,12.0,p3,3
p3_h3,2,1,49,2470.0,0.0,p3,3
p3_h3,2,1,51,2552.0,0.0,p3,3
p3_h3,2,1,57,2518.0,54.0,p3,3
p3_h3,2,2,8,2501.0,0.0,p3,3
p3_h3,2,2,10,2432.0,0.0,p3,3
p3_h3,2,2,10,2495.0,0.0,p3,3
p3_h3,2,2,10,2540.0,12.0,p3,3
p3_h3,2,2,16,2646.0,0.0,p3,3
p3_h3,2,2,22,2424.0,0.0,p3,3
p3_h3,2,2,23,2330.0,-68.0,p3,3
p3_h3,2,2,23,2330.0,-17.0,p3,3
p3_h3,2,2,32,2446.0,0.0,p3,3
p3_h3,2,2,32,2503.0,-8.0,p3,3
p3_h3,2,2,33,2860.0,0.0,p3,3
p3_h3,2,2,33,2860.0,27.0,p3,3
p3_h3,2,2,35,2597.0,0.0,p3,3
p3_h3,2,2,44,2728.0,-10.0,p3,3
p3_h3,2,2,44,2728.0,32.0,p3,3
p3_h3,2,2,44,2871.0,0.0,p3,3
p3_h3,2,2,49,2558.0,-40.0,p3,3
p3_h3,2,2,49,2558.0,18.0,p3,3
p3_h3,2,2,53,2556.0,66.0,p3,3
p3_h3,2,2,57,2645.0,-45.0,p3,3
p3_h3,2,2,58,2584.0,0.0,p3,3
p3_h3,2,3,4,2764.0,-69.0,p3,3
p3_h3,2,3,8,2660.0,0.0,p3,3
p3_h3,2,3,10,2645.0,-37.0,p3,3
p3_h3,2,3,10,2716.0,-2.0,p3,3
p3_h3,2,3,10,2716.0,13.0,p3,3
p3_h3,2,3,16,3101.0,-37.0,p3,3
p3_h3,2,3,16,3101.0,-11.0,p3,3
p3_h3,2,3,16,3160.0,-23.0,p3,3
p3_h3,2,3,16,3160.0,0.0,p3,3
p3_h3,2,3,19,3052.0,24.0,p3,3
p3_h3,2,3,32,2791.0,-69.0,p3,3
p3_h3,2,3,32,2791.0,0.0,p3,3
p3_h3,2,3,33,2471.0,-48.0,p3,3
p3_h3,2,3,33,3028.0,0.0,p3,3
p3_h3,2,3,33,3028.0,40.0,p3,3
p3_h3,2,3,35,2683.0,31.0,p3,3
p3_h3,2,3,44,2884.0,0.0,p3,3
p3_h3,2,3,44,2884.0,49.0,p3,3
p3_h3,2,3,52,2862.0,0.0,p3,3
p3_h3,2,4,8,2792.0,0.0,p3,3
p3_h3,2,4,8,2925.0,9.0,p3,3
p3_h3,2,4,10,2802.0,0.0,p3,3
p3_h3,2,4,10,2860.0,0.0,p3,3
p3_h3,2,4,10,2934.0,23.0,p3,3
p3_h3,2,4,16,3218.0,22.0,p3,3
p3_h3,2,4,16,3267.0,0.0,p3,3
p3_h3,2,4,19,3379.0,11.0,p3,3
p3_h3,2,4,19,3439.0,-12.0,p3,3
p3_h3,2,4,19,3484.0,-8.0,p3,3
p3_h3,2,4,32,3024.0,0.0,p3,3
p3_h3,2,4,33,2572.0,0.0,p3,3
p3_h3,2,4,44,3242.0,0.0,p3,3
p3_h3,2,4,44,3329.0,0.0,p3,3
p3_h3,2,4,44,3329.0,47.0,p3,3
p3_h3,2,4,49,3242.0,0.0,p3,3
p3_h3,2,4,52,3266.0,0.0,p3,3
p3_h3,2,4,57,3340.0,-33.0,p3,3
p3_h3,3,0,4,2128.0,7.0,p3,3
p3_h3,3,0,4,2210.0,-27.0,p3,3
p3_h3,3,0,7,2169.0,0.0,p3,3
p3_h3,3,0,8,2129.0,-18.0,p3,3
p3_h3,3,0,8,2129.0,27.0,p3,3
p3_h3,3,0,10,2159.0,5.0,p3,3
p3_h3,3,0,10,2182.0,10.0,p3,3
p3_h3,3,0,14,2194.0,-40.0,p3,3
p3_h3,3,0,16,2232.0,0.0,p3,3
p3_h3,3,0,16,2254.0,2.0,p3,3
p3_h3,3,0,19,2155.0,3.0,p3,3
p3_h3,3,0,22,2182.0,10.0,p3,3
p3_h3,3,0,24,2133.0,-12.0,p3,3
p3_h3,3,0,32,2202.0,-23.0,p3,3
p3_h3,3,0,32,2280.0,-16.0,p3,3
p3_h3,3,0,32,2280.0,6.0,p3,3
p3_h3,3,0,33,2202.0,31.0,p3,3
p3_h3,3,0,44,2380.0,-8.0,p3,3
p3_h3,3,0,44,2380.0,4.0,p3,3
p3_h3,3,0,49,2232.0,-55.0,p3,3
p3_h3,3,0,49,2232.0,-6.0,p3,3
p3_h3,3,0,49,2258.0,0.0,p3,3
p3_h3,3,1,8,2450.0,4.0,p3,3
p3_h3,3,1,10,2280.0,-7.0,p3,3
p3_h3,3,1,10,2280.0,0.0,p3,3
p3_h3,3,1,10,2304.0,7.0,p3,3
p3_h3,3,1,10,2394.0,-26.0,p3,3
p3_h3,3,1,16,2496.0,-49.0,p3,3
p3_h3,3,1,16,2496.0,20.0,p3,3
p3_h3,3,1,16,2600.0,-28.0,p3,3
p3_h3,3,1,19,3290.0,0.0,p3,3
p3_h3,3,1,24,2192.0,17.0,p3,3
p3_h3,3,1,32,2374.0,11.0,p3,3
p3_h3,3,1,43,2328.0,24.0,p3,3
p3_h3,3,1,49,2372.0,-25.0,p3,3
p3_h3,3,1,49,2372.0,12.0,p3,3
p3_h3,3,1,51,2354.0,0.0,p3,3
p3_h3,3,1,51,2552.0,0.0,p3,3
p3_h3,3,1,57,2518.0,22.0,p3,3
p3_h3,3,1,57,2518.0,54.0,p3,3
p3_h3,3,1,58,2560.0,-18.0,p3,3
p3_h3,3,2,8,2501.0,0.0,p3,3
p3_h3,3,2,10,2354.0,2.0,p3,3
p3_h3,3,2,10,2427.0,0.0,p3,3
p3_h3,3,2,10,2569.0,0.0,p3,3
p3_h3,3,2,16,2646.0,0.0,p3,3
p3_h3,3,2,19,2876.0,0.0,p3,3
p3_h3,3,2,22,2424.0,0.0,p3,3
p3_h3,3,2,24,2395.0,-23.0,p3,3
p3_h3,3,2,32,2446.0,-24.0,p3,3
p3_h3,3,2,32,2503.0,15.0,p3,3
p3_h3,3,2,32,2503.0,37.0,p3,3
p3_h3,3,2,33,2860.0,0.0,p3,3
p3_h3,3,2,33,2860.0,27.0,p3,3
p3_h3,3,2,35,2597.0,0.0,p3,3
p3_h3,3,2,49,2558.0,-40.0,p3,3
p3_h3,3,2,49,2558.0,18.0,p3,3
p3_h3,3,2,53,2556.0,66.0,p3,3
p3_h3,3,2,57,2645.0,-45.0,p3,3
p3_h3,3,3,4,2764.0,-69.0,p3,3
p3_h3,3,3,8,2660.0,0.0,p3,3
p3_h3,3,3,10,2645.0,0.0,p3,3
p3_h3,3,3,16,3101.0,-49.0,p3,3
p3_h3,3,3,16,3101.0,-35.0,p3,3
p3_h3,3,3,16,3101.0,0.0,p3,3
p3_h3,3,3,19,3052.0,-21.0,p3,3
p3_h3,3,3,19,3052.0,66.0,p3,3
p3_h3,3,3,23,2354.0,45.0,p3,3
p3_h3,3,3,33,2471.0,-48.0,p3,3
p3_h3,3,3,33,3028.0,40.0,p3,3
p3_h3,3,3,51,2904.0,30.0,p3,3
p3_h3,3,3,52,2862.0,0.0,p3,3
p3_h3,3,4,8,2792.0,0.0,p3,3
p3_h3,3,4,8,2925.0,9.0,p3,3
p3_h3,3,4,10,2802.0,0.0,p3,3
p3_h3,3,4,10,2852.0,0.0,p3,3
p3_h3,3,4,14,2802.0,55.0,p3,3
p3_h3,3,4,16,3218.0,0.0,p3,3
p3_h3,3,4,16,3314.0,-7.0,p3,3
p3_h3,3,4,19,3266.0,0.0,p3,3
p3_h3,3,4,19,3439.0,-27.0,p3,3
p3_h3,3,4,22,2645.0,-49.0,p3,3
p3_h3,3,4,24,2497.0,0.0,p3,3
p3_h3,3,4,32,3024.0,0.0,p3,3
p3_h3,3,4,33,2572.0,-20.0,p3,3
p3_h3,3,4,44,3242.0,-70.0,p3,3
p3_h3,3,4,44,3242.0,0.0,p3,3
p3_h3,3,4,44,3242.0,18.0,p3,3
p3_h3,3,4,44,3329.0,-24.0,p3,3
p3_h3,3,4,44,3329.0,60.0,p3,3
p3_h3,3,4,49,3196.0,0.0,p3,3
p3_h3,3,4,49,3383.0,0.0,p3,3
p3_h3,3,4,52,3266.0,0.0,p3,3
p3_h3,3,4,58,3067.0,16.0,p3,3
p3_h3,3,4,58,3235.0,-40.0,p3,3
p3_h3,3,4,58,3235.0,24.0,p3,3
p3_h3,4,0,4,2210.0,-31.0,p3,3
p3_h3,4,0,8,2129.0,27.0,p3,3
p3_h3,4,0,16,2254.0,0.0,p3,3
p3_h3,4,0,16,2349.0,0.0,p3,3
p3_h3,4,0,16,2352.0,3.0,p3,3
p3_h3,4,0,16,2404.0,0.0,p3,3
p3_h3,4,0,19,2155.0,-23.0,p3,3
p3_h3,4,0,23,2114.0,15.0,p3,3
p3_h3,4,0,44,2380.0,-8.0,p3,3
p3_h3,4,0,52,2280.0,-42.0,p3,3
p3_h3,4,0,58,2183.0,50.0,p3,3
p3_h3,4,1,8,2185.0,15.0,p3,3
p3_h3,4,1,8,2450.0,4.0,p3,3
p3_h3,4,1,10,2280.0,-7.0,p3,3
p3_h3,4,1,10,2280.0,0.0,p3,3
p3_h3,4,1,10,2304.0,7.0,p3,3
p3_h3,4,1,10,2329.0,0.0,p3,3
p3_h3,4,1,16,2496.0,-49.0,p3,3
p3_h3,4,1,16,2496.0,20.0,p3,3
p3_h3,4,1,16,2600.0,-28.0,p3,3
p3_h3,4,1,22,2280.0,-4.0,p3,3
p3_h3,4,1,24,2305.0,-3.0,p3,3
p3_h3,4,1,44,2423.0,-6.0,p3,3
p3_h3,4,1,44,2491.0,-20.0,p3,3
p3_h3,4,1,44,2491.0,0.0,p3,3
p3_h3,4,1,49,2372.0,-25.0,p3,3
p3_h3,4,1,49,2372.0,0.0,p3,3
p3_h3,4,1,49,2470.0,0.0,p3,3
p3_h3,4,1,51,2552.0,0.0,p3,3
p3_h3,4,1,57,2518.0,0.0,p3,3
p3_h3,4,1,57,2518.0,54.0,p3,3
p3_h3,4,1,58,2560.0,0.0,p3,3
p3_h3,4,2,8,2501.0,0.0,p3,3
p3_h3,4,2,10,2354.0,2.0,p3,3
p3_h3,4,2,10,2495.0,0.0,p3,3
p3_h3,4,2,10,2569.0,0.0,p3,3
p3_h3,4,2,16,2646.0,44.0,p3,3
p3_h3,4,2,19,2876.0,0.0,p3,3
p3_h3,4,2,22,2424.0,0.0,p3,3
p3_h3,4,2,32,2503.0,-8.0,p3,3
p3_h3,4,2,32,2503.0,15.0,p3,3
p3_h3,4,2,33,2860.0,0.0,p3,3
p3_h3,4,2,33,2860.0,27.0,p3,3
p3_h3,4,2,35,2597.0,0.0,p3,3
p3_h3,4,2,49,2558.0,-40.0,p3,3
p3_h3,4,2,51,2566.0,10.0,p3,3
p3_h3,4,2,57,2645.0,-45.0,p3,3
p3_h3,4,2,58,2384.0,15.0,p3,3
p3_h3,4,3,4,2764.0,-69.0,p3,3
p3_h3,4,3,7,2443.0,0.0,p3,3
p3_h3,4,3,8,2660.0,0.0,p3,3
p3_h3,4,3,8,2660.0,58.0,p3,3
p3_h3,4,3,10,2645.0,-1.0,p3,3
p3_h3,4,3,10,2716.0,-12.0,p3,3
p3_h3,4,3,10,2716.0,13.0,p3,3
p3_h3,4,3,10,2716.0,49.0,p3,3
p3_h3,4,3,14,2540.0,32.0,p3,3
p3_h3,4,3,16,2958.0,0.0,p3,3
p3_h3,4,3,16,3000.0,41.0,p3,3
p3_h3,4,3,16,3101.0,-35.0,p3,3
p3_h3,4,3,16,3160.0,-23.0,p3,3
p3_h3,4,3,22,2495.0,22.0,p3,3
p3_h3,4,3,23,2354.0,18.0,p3,3
p3_h3,4,3,24,2456.0,0.0,p3,3
p3_h3,4,3,32,2791.0,-36.0,p3,3
p3_h3,4,3,33,2471.0,-48.0,p3,3
p3_h3,4,3,44,2884.0,49.0,p3,3
p3_h3,4,3,49,2933.0,0.0,p3,3
p3_h3,4,3,49,3054.0,0.0,p3,3
p3_h3,4,3,51,2904.0,30.0,p3,3
p3_h3,4,4,8,2792.0,0.0,p3,3
p3_h3,4,4,8,2925.0,9.0,p3,3
p3_h3,4,4,10,2802.0,0.0,p3,3
p3_h3,4,4,16,3218.0,0.0,p3,3
p3_h3,4,4,16,3314.0,-7.0,p3,3
p3_h3,4,4,16,3363.0,0.0,p3,3
p3_h3,4,4,16,3386.0,27.0,p3,3
p3_h3,4,4,19,3379.0,-24.0,p3,3
p3_h3,4,4,22,2645.0,-49.0,p3,3
p3_h3,4,4,24,2497.0,0.0,p3,3
p3_h3,4,4,32,3024.0,0.0,p3,3
p3_h3,4,4,33,2572.0,0.0,p3,3
p3_h3,4,4,44,3242.0,0.0,p3,3
p3_h3,4,4,44,3242.0,24.0,p3,3
p3_h3,4,4,44,3329.0,-24.0,p3,3
p3_h3,4,4,44,3329.0,60.0,p3,3
p3_h3,4,4,49,3196.0,0.0,p3,3
p3_h3,4,4,52,3266.0,0.0,p3,3
p3_h3,4,4,58,3067.0,23.0,p3,3
p3_h3,4,4,58,3235.0,24.0,p3,3
